country_id,country,year,metric,value,indicator_code,indicator_name,source_id,database_updated,observation_status
CHN,China,1960,gdp,,NY.GDP.MKTP.PP.KD,"GDP, PPP (constant 2021 international $)",WORLD_BANK_WDI,2026-07-13,
CHN,China,1961,gdp,,NY.GDP.MKTP.PP.KD,"GDP, PPP (constant 2021 international $)",WORLD_BANK_WDI,2026-07-13,
CHN,China,1962,gdp,,NY.GDP.MKTP.PP.KD,"GDP, PPP (constant 2021 international $)",WORLD_BANK_WDI,2026-07-13,
CHN,China,1963,gdp,,NY.GDP.MKTP.PP.KD,"GDP, PPP (constant 2021 international $)",WORLD_BANK_WDI,2026-07-13,
CHN,China,1964,gdp,,NY.GDP.MKTP.PP.KD,"GDP, PPP (constant 2021 international $)",WORLD_BANK_WDI,2026-07-13,
CHN,China,1965,gdp,,NY.GDP.MKTP.PP.KD,"GDP, PPP (constant 2021 international $)",WORLD_BANK_WDI,2026-07-13,
CHN,China,1966,gdp,,NY.GDP.MKTP.PP.KD,"GDP, PPP (constant 2021 international $)",WORLD_BANK_WDI,2026-07-13,
CHN,China,1967,gdp,,NY.GDP.MKTP.PP.KD,"GDP, PPP (constant 2021 international $)",WORLD_BANK_WDI,2026-07-13,
CHN,China,1968,gdp,,NY.GDP.MKTP.PP.KD,"GDP, PPP (constant 2021 international $)",WORLD_BANK_WDI,2026-07-13,
CHN,China,1969,gdp,,NY.GDP.MKTP.PP.KD,"GDP, PPP (constant 2021 international $)",WORLD_BANK_WDI,2026-07-13,
CHN,China,1970,gdp,,NY.GDP.MKTP.PP.KD,"GDP, PPP (constant 2021 international $)",WORLD_BANK_WDI,2026-07-13,
CHN,China,1971,gdp,,NY.GDP.MKTP.PP.KD,"GDP, PPP (constant 2021 international $)",WORLD_BANK_WDI,2026-07-13,
CHN,China,1972,gdp,,NY.GDP.MKTP.PP.KD,"GDP, PPP (constant 2021 international $)",WORLD_BANK_WDI,2026-07-13,
CHN,China,1973,gdp,,NY.GDP.MKTP.PP.KD,"GDP, PPP (constant 2021 international $)",WORLD_BANK_WDI,2026-07-13,
CHN,China,1974,gdp,,NY.GDP.MKTP.PP.KD,"GDP, PPP (constant 2021 international $)",WORLD_BANK_WDI,2026-07-13,
CHN,China,1975,gdp,,NY.GDP.MKTP.PP.KD,"GDP, PPP (constant 2021 international $)",WORLD_BANK_WDI,2026-07-13,
CHN,China,1976,gdp,,NY.GDP.MKTP.PP.KD,"GDP, PPP (constant 2021 international $)",WORLD_BANK_WDI,2026-07-13,
CHN,China,1977,gdp,,NY.GDP.MKTP.PP.KD,"GDP, PPP (constant 2021 international $)",WORLD_BANK_WDI,2026-07-13,
CHN,China,1978,gdp,,NY.GDP.MKTP.PP.KD,"GDP, PPP (constant 2021 international $)",WORLD_BANK_WDI,2026-07-13,
CHN,China,1979,gdp,,NY.GDP.MKTP.PP.KD,"GDP, PPP (constant 2021 international $)",WORLD_BANK_WDI,2026-07-13,
CHN,China,1980,gdp,,NY.GDP.MKTP.PP.KD,"GDP, PPP (constant 2021 international $)",WORLD_BANK_WDI,2026-07-13,
CHN,China,1981,gdp,,NY.GDP.MKTP.PP.KD,"GDP, PPP (constant 2021 international $)",WORLD_BANK_WDI,2026-07-13,
CHN,China,1982,gdp,,NY.GDP.MKTP.PP.KD,"GDP, PPP (constant 2021 international $)",WORLD_BANK_WDI,2026-07-13,
CHN,China,1983,gdp,,NY.GDP.MKTP.PP.KD,"GDP, PPP (constant 2021 international $)",WORLD_BANK_WDI,2026-07-13,
CHN,China,1984,gdp,,NY.GDP.MKTP.PP.KD,"GDP, PPP (constant 2021 international $)",WORLD_BANK_WDI,2026-07-13,
CHN,China,1985,gdp,,NY.GDP.MKTP.PP.KD,"GDP, PPP (constant 2021 international $)",WORLD_BANK_WDI,2026-07-13,
CHN,China,1986,gdp,,NY.GDP.MKTP.PP.KD,"GDP, PPP (constant 2021 international $)",WORLD_BANK_WDI,2026-07-13,
CHN,China,1987,gdp,,NY.GDP.MKTP.PP.KD,"GDP, PPP (constant 2021 international $)",WORLD_BANK_WDI,2026-07-13,
CHN,China,1988,gdp,,NY.GDP.MKTP.PP.KD,"GDP, PPP (constant 2021 international $)",WORLD_BANK_WDI,2026-07-13,
CHN,China,1989,gdp,,NY.GDP.MKTP.PP.KD,"GDP, PPP (constant 2021 international $)",WORLD_BANK_WDI,2026-07-13,
CHN,China,1990,gdp,1892142389584.21,NY.GDP.MKTP.PP.KD,"GDP, PPP (constant 2021 international $)",WORLD_BANK_WDI,2026-07-13,
CHN,China,1991,gdp,2069542704119.26,NY.GDP.MKTP.PP.KD,"GDP, PPP (constant 2021 international $)",WORLD_BANK_WDI,2026-07-13,
CHN,China,1992,gdp,2365438109816.25,NY.GDP.MKTP.PP.KD,"GDP, PPP (constant 2021 international $)",WORLD_BANK_WDI,2026-07-13,
CHN,China,1993,gdp,2694851453397.64,NY.GDP.MKTP.PP.KD,"GDP, PPP (constant 2021 international $)",WORLD_BANK_WDI,2026-07-13,
CHN,China,1994,gdp,3047411115925.43,NY.GDP.MKTP.PP.KD,"GDP, PPP (constant 2021 international $)",WORLD_BANK_WDI,2026-07-13,
CHN,China,1995,gdp,3383096056447.43,NY.GDP.MKTP.PP.KD,"GDP, PPP (constant 2021 international $)",WORLD_BANK_WDI,2026-07-13,
CHN,China,1996,gdp,3720501963122.96,NY.GDP.MKTP.PP.KD,"GDP, PPP (constant 2021 international $)",WORLD_BANK_WDI,2026-07-13,
CHN,China,1997,gdp,4066419152960.9,NY.GDP.MKTP.PP.KD,"GDP, PPP (constant 2021 international $)",WORLD_BANK_WDI,2026-07-13,
CHN,China,1998,gdp,4388623718710.96,NY.GDP.MKTP.PP.KD,"GDP, PPP (constant 2021 international $)",WORLD_BANK_WDI,2026-07-13,
CHN,China,1999,gdp,4728357537869.67,NY.GDP.MKTP.PP.KD,"GDP, PPP (constant 2021 international $)",WORLD_BANK_WDI,2026-07-13,
CHN,China,2000,gdp,5133746736757.23,NY.GDP.MKTP.PP.KD,"GDP, PPP (constant 2021 international $)",WORLD_BANK_WDI,2026-07-13,
CHN,China,2001,gdp,5561082225597.16,NY.GDP.MKTP.PP.KD,"GDP, PPP (constant 2021 international $)",WORLD_BANK_WDI,2026-07-13,
CHN,China,2002,gdp,6074706488413.83,NY.GDP.MKTP.PP.KD,"GDP, PPP (constant 2021 international $)",WORLD_BANK_WDI,2026-07-13,
CHN,China,2003,gdp,6689090876282.43,NY.GDP.MKTP.PP.KD,"GDP, PPP (constant 2021 international $)",WORLD_BANK_WDI,2026-07-13,
CHN,China,2004,gdp,7367393399860.69,NY.GDP.MKTP.PP.KD,"GDP, PPP (constant 2021 international $)",WORLD_BANK_WDI,2026-07-13,
CHN,China,2005,gdp,8211218760900.65,NY.GDP.MKTP.PP.KD,"GDP, PPP (constant 2021 international $)",WORLD_BANK_WDI,2026-07-13,
CHN,China,2006,gdp,9252014077440.76,NY.GDP.MKTP.PP.KD,"GDP, PPP (constant 2021 international $)",WORLD_BANK_WDI,2026-07-13,
CHN,China,2007,gdp,10561245407109.6,NY.GDP.MKTP.PP.KD,"GDP, PPP (constant 2021 international $)",WORLD_BANK_WDI,2026-07-13,
CHN,China,2008,gdp,11582388576956.0,NY.GDP.MKTP.PP.KD,"GDP, PPP (constant 2021 international $)",WORLD_BANK_WDI,2026-07-13,
CHN,China,2009,gdp,12671839645498.1,NY.GDP.MKTP.PP.KD,"GDP, PPP (constant 2021 international $)",WORLD_BANK_WDI,2026-07-13,
CHN,China,2010,gdp,14014001667285.4,NY.GDP.MKTP.PP.KD,"GDP, PPP (constant 2021 international $)",WORLD_BANK_WDI,2026-07-13,
CHN,China,2011,gdp,15340013860009.9,NY.GDP.MKTP.PP.KD,"GDP, PPP (constant 2021 international $)",WORLD_BANK_WDI,2026-07-13,
CHN,China,2012,gdp,16545404559826.4,NY.GDP.MKTP.PP.KD,"GDP, PPP (constant 2021 international $)",WORLD_BANK_WDI,2026-07-13,
CHN,China,2013,gdp,17832377196873.3,NY.GDP.MKTP.PP.KD,"GDP, PPP (constant 2021 international $)",WORLD_BANK_WDI,2026-07-13,
CHN,China,2014,gdp,19162852171599.4,NY.GDP.MKTP.PP.KD,"GDP, PPP (constant 2021 international $)",WORLD_BANK_WDI,2026-07-13,
CHN,China,2015,gdp,20500730181112.6,NY.GDP.MKTP.PP.KD,"GDP, PPP (constant 2021 international $)",WORLD_BANK_WDI,2026-07-13,
CHN,China,2016,gdp,21889385822096.5,NY.GDP.MKTP.PP.KD,"GDP, PPP (constant 2021 international $)",WORLD_BANK_WDI,2026-07-13,
CHN,China,2017,gdp,23397835751144.9,NY.GDP.MKTP.PP.KD,"GDP, PPP (constant 2021 international $)",WORLD_BANK_WDI,2026-07-13,
CHN,China,2018,gdp,24979016132706.6,NY.GDP.MKTP.PP.KD,"GDP, PPP (constant 2021 international $)",WORLD_BANK_WDI,2026-07-13,
CHN,China,2019,gdp,26494587477979.8,NY.GDP.MKTP.PP.KD,"GDP, PPP (constant 2021 international $)",WORLD_BANK_WDI,2026-07-13,
CHN,China,2020,gdp,27114429372606.6,NY.GDP.MKTP.PP.KD,"GDP, PPP (constant 2021 international $)",WORLD_BANK_WDI,2026-07-13,
CHN,China,2021,gdp,29438240129870.1,NY.GDP.MKTP.PP.KD,"GDP, PPP (constant 2021 international $)",WORLD_BANK_WDI,2026-07-13,
CHN,China,2022,gdp,30360791708735.0,NY.GDP.MKTP.PP.KD,"GDP, PPP (constant 2021 international $)",WORLD_BANK_WDI,2026-07-13,
CHN,China,2023,gdp,32005133203227.2,NY.GDP.MKTP.PP.KD,"GDP, PPP (constant 2021 international $)",WORLD_BANK_WDI,2026-07-13,
CHN,China,2024,gdp,33592044935159.1,NY.GDP.MKTP.PP.KD,"GDP, PPP (constant 2021 international $)",WORLD_BANK_WDI,2026-07-13,
CHN,China,2025,gdp,35258193185780.8,NY.GDP.MKTP.PP.KD,"GDP, PPP (constant 2021 international $)",WORLD_BANK_WDI,2026-07-13,
CHN,China,1960,gdp_per_capita,,NY.GDP.PCAP.PP.KD,"GDP per capita, PPP (constant 2021 international $)",WORLD_BANK_WDI,2026-07-13,
CHN,China,1961,gdp_per_capita,,NY.GDP.PCAP.PP.KD,"GDP per capita, PPP (constant 2021 international $)",WORLD_BANK_WDI,2026-07-13,
CHN,China,1962,gdp_per_capita,,NY.GDP.PCAP.PP.KD,"GDP per capita, PPP (constant 2021 international $)",WORLD_BANK_WDI,2026-07-13,
CHN,China,1963,gdp_per_capita,,NY.GDP.PCAP.PP.KD,"GDP per capita, PPP (constant 2021 international $)",WORLD_BANK_WDI,2026-07-13,
CHN,China,1964,gdp_per_capita,,NY.GDP.PCAP.PP.KD,"GDP per capita, PPP (constant 2021 international $)",WORLD_BANK_WDI,2026-07-13,
CHN,China,1965,gdp_per_capita,,NY.GDP.PCAP.PP.KD,"GDP per capita, PPP (constant 2021 international $)",WORLD_BANK_WDI,2026-07-13,
CHN,China,1966,gdp_per_capita,,NY.GDP.PCAP.PP.KD,"GDP per capita, PPP (constant 2021 international $)",WORLD_BANK_WDI,2026-07-13,
CHN,China,1967,gdp_per_capita,,NY.GDP.PCAP.PP.KD,"GDP per capita, PPP (constant 2021 international $)",WORLD_BANK_WDI,2026-07-13,
CHN,China,1968,gdp_per_capita,,NY.GDP.PCAP.PP.KD,"GDP per capita, PPP (constant 2021 international $)",WORLD_BANK_WDI,2026-07-13,
CHN,China,1969,gdp_per_capita,,NY.GDP.PCAP.PP.KD,"GDP per capita, PPP (constant 2021 international $)",WORLD_BANK_WDI,2026-07-13,
CHN,China,1970,gdp_per_capita,,NY.GDP.PCAP.PP.KD,"GDP per capita, PPP (constant 2021 international $)",WORLD_BANK_WDI,2026-07-13,
CHN,China,1971,gdp_per_capita,,NY.GDP.PCAP.PP.KD,"GDP per capita, PPP (constant 2021 international $)",WORLD_BANK_WDI,2026-07-13,
CHN,China,1972,gdp_per_capita,,NY.GDP.PCAP.PP.KD,"GDP per capita, PPP (constant 2021 international $)",WORLD_BANK_WDI,2026-07-13,
CHN,China,1973,gdp_per_capita,,NY.GDP.PCAP.PP.KD,"GDP per capita, PPP (constant 2021 international $)",WORLD_BANK_WDI,2026-07-13,
CHN,China,1974,gdp_per_capita,,NY.GDP.PCAP.PP.KD,"GDP per capita, PPP (constant 2021 international $)",WORLD_BANK_WDI,2026-07-13,
CHN,China,1975,gdp_per_capita,,NY.GDP.PCAP.PP.KD,"GDP per capita, PPP (constant 2021 international $)",WORLD_BANK_WDI,2026-07-13,
CHN,China,1976,gdp_per_capita,,NY.GDP.PCAP.PP.KD,"GDP per capita, PPP (constant 2021 international $)",WORLD_BANK_WDI,2026-07-13,
CHN,China,1977,gdp_per_capita,,NY.GDP.PCAP.PP.KD,"GDP per capita, PPP (constant 2021 international $)",WORLD_BANK_WDI,2026-07-13,
CHN,China,1978,gdp_per_capita,,NY.GDP.PCAP.PP.KD,"GDP per capita, PPP (constant 2021 international $)",WORLD_BANK_WDI,2026-07-13,
CHN,China,1979,gdp_per_capita,,NY.GDP.PCAP.PP.KD,"GDP per capita, PPP (constant 2021 international $)",WORLD_BANK_WDI,2026-07-13,
CHN,China,1980,gdp_per_capita,,NY.GDP.PCAP.PP.KD,"GDP per capita, PPP (constant 2021 international $)",WORLD_BANK_WDI,2026-07-13,
CHN,China,1981,gdp_per_capita,,NY.GDP.PCAP.PP.KD,"GDP per capita, PPP (constant 2021 international $)",WORLD_BANK_WDI,2026-07-13,
CHN,China,1982,gdp_per_capita,,NY.GDP.PCAP.PP.KD,"GDP per capita, PPP (constant 2021 international $)",WORLD_BANK_WDI,2026-07-13,
CHN,China,1983,gdp_per_capita,,NY.GDP.PCAP.PP.KD,"GDP per capita, PPP (constant 2021 international $)",WORLD_BANK_WDI,2026-07-13,
CHN,China,1984,gdp_per_capita,,NY.GDP.PCAP.PP.KD,"GDP per capita, PPP (constant 2021 international $)",WORLD_BANK_WDI,2026-07-13,
CHN,China,1985,gdp_per_capita,,NY.GDP.PCAP.PP.KD,"GDP per capita, PPP (constant 2021 international $)",WORLD_BANK_WDI,2026-07-13,
CHN,China,1986,gdp_per_capita,,NY.GDP.PCAP.PP.KD,"GDP per capita, PPP (constant 2021 international $)",WORLD_BANK_WDI,2026-07-13,
CHN,China,1987,gdp_per_capita,,NY.GDP.PCAP.PP.KD,"GDP per capita, PPP (constant 2021 international $)",WORLD_BANK_WDI,2026-07-13,
CHN,China,1988,gdp_per_capita,,NY.GDP.PCAP.PP.KD,"GDP per capita, PPP (constant 2021 international $)",WORLD_BANK_WDI,2026-07-13,
CHN,China,1989,gdp_per_capita,,NY.GDP.PCAP.PP.KD,"GDP per capita, PPP (constant 2021 international $)",WORLD_BANK_WDI,2026-07-13,
CHN,China,1990,gdp_per_capita,1666.8141224419,NY.GDP.PCAP.PP.KD,"GDP per capita, PPP (constant 2021 international $)",WORLD_BANK_WDI,2026-07-13,
CHN,China,1991,gdp_per_capita,1798.38257887629,NY.GDP.PCAP.PP.KD,"GDP per capita, PPP (constant 2021 international $)",WORLD_BANK_WDI,2026-07-13,
CHN,China,1992,gdp_per_capita,2030.47126519674,NY.GDP.PCAP.PP.KD,"GDP per capita, PPP (constant 2021 international $)",WORLD_BANK_WDI,2026-07-13,
CHN,China,1993,gdp_per_capita,2286.7956394875,NY.GDP.PCAP.PP.KD,"GDP per capita, PPP (constant 2021 international $)",WORLD_BANK_WDI,2026-07-13,
CHN,China,1994,gdp_per_capita,2556.90688386013,NY.GDP.PCAP.PP.KD,"GDP per capita, PPP (constant 2021 international $)",WORLD_BANK_WDI,2026-07-13,
CHN,China,1995,gdp_per_capita,2807.88647301744,NY.GDP.PCAP.PP.KD,"GDP per capita, PPP (constant 2021 international $)",WORLD_BANK_WDI,2026-07-13,
CHN,China,1996,gdp_per_capita,3055.72827655781,NY.GDP.PCAP.PP.KD,"GDP per capita, PPP (constant 2021 international $)",WORLD_BANK_WDI,2026-07-13,
CHN,China,1997,gdp_per_capita,3305.83025665988,NY.GDP.PCAP.PP.KD,"GDP per capita, PPP (constant 2021 international $)",WORLD_BANK_WDI,2026-07-13,
CHN,China,1998,gdp_per_capita,3533.69839702638,NY.GDP.PCAP.PP.KD,"GDP per capita, PPP (constant 2021 international $)",WORLD_BANK_WDI,2026-07-13,
CHN,China,1999,gdp_per_capita,3774.42758274469,NY.GDP.PCAP.PP.KD,"GDP per capita, PPP (constant 2021 international $)",WORLD_BANK_WDI,2026-07-13,
CHN,China,2000,gdp_per_capita,4065.86707804429,NY.GDP.PCAP.PP.KD,"GDP per capita, PPP (constant 2021 international $)",WORLD_BANK_WDI,2026-07-13,
CHN,China,2001,gdp_per_capita,4372.43560608339,NY.GDP.PCAP.PP.KD,"GDP per capita, PPP (constant 2021 international $)",WORLD_BANK_WDI,2026-07-13,
CHN,China,2002,gdp_per_capita,4744.38182475307,NY.GDP.PCAP.PP.KD,"GDP per capita, PPP (constant 2021 international $)",WORLD_BANK_WDI,2026-07-13,
CHN,China,2003,gdp_per_capita,5191.78118308167,NY.GDP.PCAP.PP.KD,"GDP per capita, PPP (constant 2021 international $)",WORLD_BANK_WDI,2026-07-13,
CHN,China,2004,gdp_per_capita,5684.3881718733,NY.GDP.PCAP.PP.KD,"GDP per capita, PPP (constant 2021 international $)",WORLD_BANK_WDI,2026-07-13,
CHN,China,2005,gdp_per_capita,6298.29929808598,NY.GDP.PCAP.PP.KD,"GDP per capita, PPP (constant 2021 international $)",WORLD_BANK_WDI,2026-07-13,
CHN,China,2006,gdp_per_capita,7057.11131595304,NY.GDP.PCAP.PP.KD,"GDP per capita, PPP (constant 2021 international $)",WORLD_BANK_WDI,2026-07-13,
CHN,China,2007,gdp_per_capita,8013.78375739131,NY.GDP.PCAP.PP.KD,"GDP per capita, PPP (constant 2021 international $)",WORLD_BANK_WDI,2026-07-13,
CHN,China,2008,gdp_per_capita,8743.7020031299,NY.GDP.PCAP.PP.KD,"GDP per capita, PPP (constant 2021 international $)",WORLD_BANK_WDI,2026-07-13,
CHN,China,2009,gdp_per_capita,9518.68128351945,NY.GDP.PCAP.PP.KD,"GDP per capita, PPP (constant 2021 international $)",WORLD_BANK_WDI,2026-07-13,
CHN,China,2010,gdp_per_capita,10476.1525652407,NY.GDP.PCAP.PP.KD,"GDP per capita, PPP (constant 2021 international $)",WORLD_BANK_WDI,2026-07-13,
CHN,China,2011,gdp_per_capita,11404.9179835542,NY.GDP.PCAP.PP.KD,"GDP per capita, PPP (constant 2021 international $)",WORLD_BANK_WDI,2026-07-13,
CHN,China,2012,gdp_per_capita,12217.9343813101,NY.GDP.PCAP.PP.KD,"GDP per capita, PPP (constant 2021 international $)",WORLD_BANK_WDI,2026-07-13,
CHN,China,2013,gdp_per_capita,13080.8787864744,NY.GDP.PCAP.PP.KD,"GDP per capita, PPP (constant 2021 international $)",WORLD_BANK_WDI,2026-07-13,
CHN,China,2014,gdp_per_capita,13968.5187785922,NY.GDP.PCAP.PP.KD,"GDP per capita, PPP (constant 2021 international $)",WORLD_BANK_WDI,2026-07-13,
CHN,China,2015,gdp_per_capita,14857.1088234405,NY.GDP.PCAP.PP.KD,"GDP per capita, PPP (constant 2021 international $)",WORLD_BANK_WDI,2026-07-13,
CHN,China,2016,gdp_per_capita,15772.8372607502,NY.GDP.PCAP.PP.KD,"GDP per capita, PPP (constant 2021 international $)",WORLD_BANK_WDI,2026-07-13,
CHN,China,2017,gdp_per_capita,16758.0463976858,NY.GDP.PCAP.PP.KD,"GDP per capita, PPP (constant 2021 international $)",WORLD_BANK_WDI,2026-07-13,
CHN,China,2018,gdp_per_capita,17807.0490552244,NY.GDP.PCAP.PP.KD,"GDP per capita, PPP (constant 2021 international $)",WORLD_BANK_WDI,2026-07-13,
CHN,China,2019,gdp_per_capita,18820.5871645645,NY.GDP.PCAP.PP.KD,"GDP per capita, PPP (constant 2021 international $)",WORLD_BANK_WDI,2026-07-13,
CHN,China,2020,gdp_per_capita,19215.1012491012,NY.GDP.PCAP.PP.KD,"GDP per capita, PPP (constant 2021 international $)",WORLD_BANK_WDI,2026-07-13,
CHN,China,2021,gdp_per_capita,20843.2978347377,NY.GDP.PCAP.PP.KD,"GDP per capita, PPP (constant 2021 international $)",WORLD_BANK_WDI,2026-07-13,
CHN,China,2022,gdp_per_capita,21499.3125559757,NY.GDP.PCAP.PP.KD,"GDP per capita, PPP (constant 2021 international $)",WORLD_BANK_WDI,2026-07-13,
CHN,China,2023,gdp_per_capita,22687.2519534328,NY.GDP.PCAP.PP.KD,"GDP per capita, PPP (constant 2021 international $)",WORLD_BANK_WDI,2026-07-13,
CHN,China,2024,gdp_per_capita,23841.4769141817,NY.GDP.PCAP.PP.KD,"GDP per capita, PPP (constant 2021 international $)",WORLD_BANK_WDI,2026-07-13,
CHN,China,2025,gdp_per_capita,25066.5215296486,NY.GDP.PCAP.PP.KD,"GDP per capita, PPP (constant 2021 international $)",WORLD_BANK_WDI,2026-07-13,
CHN,China,1960,population,667070000.0,SP.POP.TOTL,"Population, total",WORLD_BANK_WDI,2026-07-13,
CHN,China,1961,population,660330000.0,SP.POP.TOTL,"Population, total",WORLD_BANK_WDI,2026-07-13,
CHN,China,1962,population,665770000.0,SP.POP.TOTL,"Population, total",WORLD_BANK_WDI,2026-07-13,
CHN,China,1963,population,682335000.0,SP.POP.TOTL,"Population, total",WORLD_BANK_WDI,2026-07-13,
CHN,China,1964,population,698355000.0,SP.POP.TOTL,"Population, total",WORLD_BANK_WDI,2026-07-13,
CHN,China,1965,population,715185000.0,SP.POP.TOTL,"Population, total",WORLD_BANK_WDI,2026-07-13,
CHN,China,1966,population,735400000.0,SP.POP.TOTL,"Population, total",WORLD_BANK_WDI,2026-07-13,
CHN,China,1967,population,754550000.0,SP.POP.TOTL,"Population, total",WORLD_BANK_WDI,2026-07-13,
CHN,China,1968,population,774510000.0,SP.POP.TOTL,"Population, total",WORLD_BANK_WDI,2026-07-13,
CHN,China,1969,population,796025000.0,SP.POP.TOTL,"Population, total",WORLD_BANK_WDI,2026-07-13,
CHN,China,1970,population,818315000.0,SP.POP.TOTL,"Population, total",WORLD_BANK_WDI,2026-07-13,
CHN,China,1971,population,841105000.0,SP.POP.TOTL,"Population, total",WORLD_BANK_WDI,2026-07-13,
CHN,China,1972,population,862030000.0,SP.POP.TOTL,"Population, total",WORLD_BANK_WDI,2026-07-13,
CHN,China,1973,population,881940000.0,SP.POP.TOTL,"Population, total",WORLD_BANK_WDI,2026-07-13,
CHN,China,1974,population,900350000.0,SP.POP.TOTL,"Population, total",WORLD_BANK_WDI,2026-07-13,
CHN,China,1975,population,916395000.0,SP.POP.TOTL,"Population, total",WORLD_BANK_WDI,2026-07-13,
CHN,China,1976,population,930685000.0,SP.POP.TOTL,"Population, total",WORLD_BANK_WDI,2026-07-13,
CHN,China,1977,population,943455000.0,SP.POP.TOTL,"Population, total",WORLD_BANK_WDI,2026-07-13,
CHN,China,1978,population,956165000.0,SP.POP.TOTL,"Population, total",WORLD_BANK_WDI,2026-07-13,
CHN,China,1979,population,969005000.0,SP.POP.TOTL,"Population, total",WORLD_BANK_WDI,2026-07-13,
CHN,China,1980,population,981235000.0,SP.POP.TOTL,"Population, total",WORLD_BANK_WDI,2026-07-13,
CHN,China,1981,population,993885000.0,SP.POP.TOTL,"Population, total",WORLD_BANK_WDI,2026-07-13,
CHN,China,1982,population,1008630000.0,SP.POP.TOTL,"Population, total",WORLD_BANK_WDI,2026-07-13,
CHN,China,1983,population,1023310000.0,SP.POP.TOTL,"Population, total",WORLD_BANK_WDI,2026-07-13,
CHN,China,1984,population,1036825000.0,SP.POP.TOTL,"Population, total",WORLD_BANK_WDI,2026-07-13,
CHN,China,1985,population,1051040000.0,SP.POP.TOTL,"Population, total",WORLD_BANK_WDI,2026-07-13,
CHN,China,1986,population,1066790000.0,SP.POP.TOTL,"Population, total",WORLD_BANK_WDI,2026-07-13,
CHN,China,1987,population,1084035000.0,SP.POP.TOTL,"Population, total",WORLD_BANK_WDI,2026-07-13,
CHN,China,1988,population,1101630000.0,SP.POP.TOTL,"Population, total",WORLD_BANK_WDI,2026-07-13,
CHN,China,1989,population,1118650000.0,SP.POP.TOTL,"Population, total",WORLD_BANK_WDI,2026-07-13,
CHN,China,1990,population,1135185000.0,SP.POP.TOTL,"Population, total",WORLD_BANK_WDI,2026-07-13,
CHN,China,1991,population,1150780000.0,SP.POP.TOTL,"Population, total",WORLD_BANK_WDI,2026-07-13,
CHN,China,1992,population,1164970000.0,SP.POP.TOTL,"Population, total",WORLD_BANK_WDI,2026-07-13,
CHN,China,1993,population,1178440000.0,SP.POP.TOTL,"Population, total",WORLD_BANK_WDI,2026-07-13,
CHN,China,1994,population,1191835000.0,SP.POP.TOTL,"Population, total",WORLD_BANK_WDI,2026-07-13,
CHN,China,1995,population,1204855000.0,SP.POP.TOTL,"Population, total",WORLD_BANK_WDI,2026-07-13,
CHN,China,1996,population,1217550000.0,SP.POP.TOTL,"Population, total",WORLD_BANK_WDI,2026-07-13,
CHN,China,1997,population,1230075000.0,SP.POP.TOTL,"Population, total",WORLD_BANK_WDI,2026-07-13,
CHN,China,1998,population,1241935000.0,SP.POP.TOTL,"Population, total",WORLD_BANK_WDI,2026-07-13,
CHN,China,1999,population,1252735000.0,SP.POP.TOTL,"Population, total",WORLD_BANK_WDI,2026-07-13,
CHN,China,2000,population,1262645000.0,SP.POP.TOTL,"Population, total",WORLD_BANK_WDI,2026-07-13,
CHN,China,2001,population,1271850000.0,SP.POP.TOTL,"Population, total",WORLD_BANK_WDI,2026-07-13,
CHN,China,2002,population,1280400000.0,SP.POP.TOTL,"Population, total",WORLD_BANK_WDI,2026-07-13,
CHN,China,2003,population,1288400000.0,SP.POP.TOTL,"Population, total",WORLD_BANK_WDI,2026-07-13,
CHN,China,2004,population,1296075000.0,SP.POP.TOTL,"Population, total",WORLD_BANK_WDI,2026-07-13,
CHN,China,2005,population,1303720000.0,SP.POP.TOTL,"Population, total",WORLD_BANK_WDI,2026-07-13,
CHN,China,2006,population,1311020000.0,SP.POP.TOTL,"Population, total",WORLD_BANK_WDI,2026-07-13,
CHN,China,2007,population,1317885000.0,SP.POP.TOTL,"Population, total",WORLD_BANK_WDI,2026-07-13,
CHN,China,2008,population,1324655000.0,SP.POP.TOTL,"Population, total",WORLD_BANK_WDI,2026-07-13,
CHN,China,2009,population,1331260000.0,SP.POP.TOTL,"Population, total",WORLD_BANK_WDI,2026-07-13,
CHN,China,2010,population,1337705000.0,SP.POP.TOTL,"Population, total",WORLD_BANK_WDI,2026-07-13,
CHN,China,2011,population,1345035000.0,SP.POP.TOTL,"Population, total",WORLD_BANK_WDI,2026-07-13,
CHN,China,2012,population,1354190000.0,SP.POP.TOTL,"Population, total",WORLD_BANK_WDI,2026-07-13,
CHN,China,2013,population,1363240000.0,SP.POP.TOTL,"Population, total",WORLD_BANK_WDI,2026-07-13,
CHN,China,2014,population,1371860000.0,SP.POP.TOTL,"Population, total",WORLD_BANK_WDI,2026-07-13,
CHN,China,2015,population,1379860000.0,SP.POP.TOTL,"Population, total",WORLD_BANK_WDI,2026-07-13,
CHN,China,2016,population,1387790000.0,SP.POP.TOTL,"Population, total",WORLD_BANK_WDI,2026-07-13,
CHN,China,2017,population,1396215000.0,SP.POP.TOTL,"Population, total",WORLD_BANK_WDI,2026-07-13,
CHN,China,2018,population,1402760000.0,SP.POP.TOTL,"Population, total",WORLD_BANK_WDI,2026-07-13,
CHN,China,2019,population,1407745000.0,SP.POP.TOTL,"Population, total",WORLD_BANK_WDI,2026-07-13,
CHN,China,2020,population,1411100000.0,SP.POP.TOTL,"Population, total",WORLD_BANK_WDI,2026-07-13,
CHN,China,2021,population,1412360000.0,SP.POP.TOTL,"Population, total",WORLD_BANK_WDI,2026-07-13,
CHN,China,2022,population,1412175000.0,SP.POP.TOTL,"Population, total",WORLD_BANK_WDI,2026-07-13,
CHN,China,2023,population,1410710000.0,SP.POP.TOTL,"Population, total",WORLD_BANK_WDI,2026-07-13,
CHN,China,2024,population,1408975000.0,SP.POP.TOTL,"Population, total",WORLD_BANK_WDI,2026-07-13,
CHN,China,2025,population,1406585000.0,SP.POP.TOTL,"Population, total",WORLD_BANK_WDI,2026-07-13,
IND,India,1960,gdp,,NY.GDP.MKTP.PP.KD,"GDP, PPP (constant 2021 international $)",WORLD_BANK_WDI,2026-07-13,
IND,India,1961,gdp,,NY.GDP.MKTP.PP.KD,"GDP, PPP (constant 2021 international $)",WORLD_BANK_WDI,2026-07-13,
IND,India,1962,gdp,,NY.GDP.MKTP.PP.KD,"GDP, PPP (constant 2021 international $)",WORLD_BANK_WDI,2026-07-13,
IND,India,1963,gdp,,NY.GDP.MKTP.PP.KD,"GDP, PPP (constant 2021 international $)",WORLD_BANK_WDI,2026-07-13,
IND,India,1964,gdp,,NY.GDP.MKTP.PP.KD,"GDP, PPP (constant 2021 international $)",WORLD_BANK_WDI,2026-07-13,
IND,India,1965,gdp,,NY.GDP.MKTP.PP.KD,"GDP, PPP (constant 2021 international $)",WORLD_BANK_WDI,2026-07-13,
IND,India,1966,gdp,,NY.GDP.MKTP.PP.KD,"GDP, PPP (constant 2021 international $)",WORLD_BANK_WDI,2026-07-13,
IND,India,1967,gdp,,NY.GDP.MKTP.PP.KD,"GDP, PPP (constant 2021 international $)",WORLD_BANK_WDI,2026-07-13,
IND,India,1968,gdp,,NY.GDP.MKTP.PP.KD,"GDP, PPP (constant 2021 international $)",WORLD_BANK_WDI,2026-07-13,
IND,India,1969,gdp,,NY.GDP.MKTP.PP.KD,"GDP, PPP (constant 2021 international $)",WORLD_BANK_WDI,2026-07-13,
IND,India,1970,gdp,,NY.GDP.MKTP.PP.KD,"GDP, PPP (constant 2021 international $)",WORLD_BANK_WDI,2026-07-13,
IND,India,1971,gdp,,NY.GDP.MKTP.PP.KD,"GDP, PPP (constant 2021 international $)",WORLD_BANK_WDI,2026-07-13,
IND,India,1972,gdp,,NY.GDP.MKTP.PP.KD,"GDP, PPP (constant 2021 international $)",WORLD_BANK_WDI,2026-07-13,
IND,India,1973,gdp,,NY.GDP.MKTP.PP.KD,"GDP, PPP (constant 2021 international $)",WORLD_BANK_WDI,2026-07-13,
IND,India,1974,gdp,,NY.GDP.MKTP.PP.KD,"GDP, PPP (constant 2021 international $)",WORLD_BANK_WDI,2026-07-13,
IND,India,1975,gdp,,NY.GDP.MKTP.PP.KD,"GDP, PPP (constant 2021 international $)",WORLD_BANK_WDI,2026-07-13,
IND,India,1976,gdp,,NY.GDP.MKTP.PP.KD,"GDP, PPP (constant 2021 international $)",WORLD_BANK_WDI,2026-07-13,
IND,India,1977,gdp,,NY.GDP.MKTP.PP.KD,"GDP, PPP (constant 2021 international $)",WORLD_BANK_WDI,2026-07-13,
IND,India,1978,gdp,,NY.GDP.MKTP.PP.KD,"GDP, PPP (constant 2021 international $)",WORLD_BANK_WDI,2026-07-13,
IND,India,1979,gdp,,NY.GDP.MKTP.PP.KD,"GDP, PPP (constant 2021 international $)",WORLD_BANK_WDI,2026-07-13,
IND,India,1980,gdp,,NY.GDP.MKTP.PP.KD,"GDP, PPP (constant 2021 international $)",WORLD_BANK_WDI,2026-07-13,
IND,India,1981,gdp,,NY.GDP.MKTP.PP.KD,"GDP, PPP (constant 2021 international $)",WORLD_BANK_WDI,2026-07-13,
IND,India,1982,gdp,,NY.GDP.MKTP.PP.KD,"GDP, PPP (constant 2021 international $)",WORLD_BANK_WDI,2026-07-13,
IND,India,1983,gdp,,NY.GDP.MKTP.PP.KD,"GDP, PPP (constant 2021 international $)",WORLD_BANK_WDI,2026-07-13,
IND,India,1984,gdp,,NY.GDP.MKTP.PP.KD,"GDP, PPP (constant 2021 international $)",WORLD_BANK_WDI,2026-07-13,
IND,India,1985,gdp,,NY.GDP.MKTP.PP.KD,"GDP, PPP (constant 2021 international $)",WORLD_BANK_WDI,2026-07-13,
IND,India,1986,gdp,,NY.GDP.MKTP.PP.KD,"GDP, PPP (constant 2021 international $)",WORLD_BANK_WDI,2026-07-13,
IND,India,1987,gdp,,NY.GDP.MKTP.PP.KD,"GDP, PPP (constant 2021 international $)",WORLD_BANK_WDI,2026-07-13,
IND,India,1988,gdp,,NY.GDP.MKTP.PP.KD,"GDP, PPP (constant 2021 international $)",WORLD_BANK_WDI,2026-07-13,
IND,India,1989,gdp,,NY.GDP.MKTP.PP.KD,"GDP, PPP (constant 2021 international $)",WORLD_BANK_WDI,2026-07-13,
IND,India,1990,gdp,1850891338088.27,NY.GDP.MKTP.PP.KD,"GDP, PPP (constant 2021 international $)",WORLD_BANK_WDI,2026-07-13,
IND,India,1991,gdp,1870452139539.16,NY.GDP.MKTP.PP.KD,"GDP, PPP (constant 2021 international $)",WORLD_BANK_WDI,2026-07-13,
IND,India,1992,gdp,1972997733224.49,NY.GDP.MKTP.PP.KD,"GDP, PPP (constant 2021 international $)",WORLD_BANK_WDI,2026-07-13,
IND,India,1993,gdp,2066730440347.37,NY.GDP.MKTP.PP.KD,"GDP, PPP (constant 2021 international $)",WORLD_BANK_WDI,2026-07-13,
IND,India,1994,gdp,2204352451049.46,NY.GDP.MKTP.PP.KD,"GDP, PPP (constant 2021 international $)",WORLD_BANK_WDI,2026-07-13,
IND,India,1995,gdp,2371320947585.03,NY.GDP.MKTP.PP.KD,"GDP, PPP (constant 2021 international $)",WORLD_BANK_WDI,2026-07-13,
IND,India,1996,gdp,2550344350115.51,NY.GDP.MKTP.PP.KD,"GDP, PPP (constant 2021 international $)",WORLD_BANK_WDI,2026-07-13,
IND,India,1997,gdp,2653628727328.42,NY.GDP.MKTP.PP.KD,"GDP, PPP (constant 2021 international $)",WORLD_BANK_WDI,2026-07-13,
IND,India,1998,gdp,2817740162166.71,NY.GDP.MKTP.PP.KD,"GDP, PPP (constant 2021 international $)",WORLD_BANK_WDI,2026-07-13,
IND,India,1999,gdp,3066990569260.08,NY.GDP.MKTP.PP.KD,"GDP, PPP (constant 2021 international $)",WORLD_BANK_WDI,2026-07-13,
IND,India,2000,gdp,3184793405807.25,NY.GDP.MKTP.PP.KD,"GDP, PPP (constant 2021 international $)",WORLD_BANK_WDI,2026-07-13,
IND,India,2001,gdp,3338426765280.63,NY.GDP.MKTP.PP.KD,"GDP, PPP (constant 2021 international $)",WORLD_BANK_WDI,2026-07-13,
IND,India,2002,gdp,3465419695548.26,NY.GDP.MKTP.PP.KD,"GDP, PPP (constant 2021 international $)",WORLD_BANK_WDI,2026-07-13,
IND,India,2003,gdp,3737814903343.74,NY.GDP.MKTP.PP.KD,"GDP, PPP (constant 2021 international $)",WORLD_BANK_WDI,2026-07-13,
IND,India,2004,gdp,4033959608849.92,NY.GDP.MKTP.PP.KD,"GDP, PPP (constant 2021 international $)",WORLD_BANK_WDI,2026-07-13,
IND,India,2005,gdp,4353587599749.13,NY.GDP.MKTP.PP.KD,"GDP, PPP (constant 2021 international $)",WORLD_BANK_WDI,2026-07-13,
IND,India,2006,gdp,4704518653498.4,NY.GDP.MKTP.PP.KD,"GDP, PPP (constant 2021 international $)",WORLD_BANK_WDI,2026-07-13,
IND,India,2007,gdp,5064923127246.4,NY.GDP.MKTP.PP.KD,"GDP, PPP (constant 2021 international $)",WORLD_BANK_WDI,2026-07-13,
IND,India,2008,gdp,5221262011130.32,NY.GDP.MKTP.PP.KD,"GDP, PPP (constant 2021 international $)",WORLD_BANK_WDI,2026-07-13,
IND,India,2009,gdp,5631751826126.82,NY.GDP.MKTP.PP.KD,"GDP, PPP (constant 2021 international $)",WORLD_BANK_WDI,2026-07-13,
IND,India,2010,gdp,6110314707739.01,NY.GDP.MKTP.PP.KD,"GDP, PPP (constant 2021 international $)",WORLD_BANK_WDI,2026-07-13,
IND,India,2011,gdp,6430575622401.57,NY.GDP.MKTP.PP.KD,"GDP, PPP (constant 2021 international $)",WORLD_BANK_WDI,2026-07-13,
IND,India,2012,gdp,6781452750161.58,NY.GDP.MKTP.PP.KD,"GDP, PPP (constant 2021 international $)",WORLD_BANK_WDI,2026-07-13,
IND,India,2013,gdp,7214523538314.82,NY.GDP.MKTP.PP.KD,"GDP, PPP (constant 2021 international $)",WORLD_BANK_WDI,2026-07-13,
IND,India,2014,gdp,7749136153132.49,NY.GDP.MKTP.PP.KD,"GDP, PPP (constant 2021 international $)",WORLD_BANK_WDI,2026-07-13,
IND,India,2015,gdp,8368776746134.84,NY.GDP.MKTP.PP.KD,"GDP, PPP (constant 2021 international $)",WORLD_BANK_WDI,2026-07-13,
IND,India,2016,gdp,9059728521056.53,NY.GDP.MKTP.PP.KD,"GDP, PPP (constant 2021 international $)",WORLD_BANK_WDI,2026-07-13,
IND,India,2017,gdp,9675371810785.02,NY.GDP.MKTP.PP.KD,"GDP, PPP (constant 2021 international $)",WORLD_BANK_WDI,2026-07-13,
IND,India,2018,gdp,10299805924524.6,NY.GDP.MKTP.PP.KD,"GDP, PPP (constant 2021 international $)",WORLD_BANK_WDI,2026-07-13,
IND,India,2019,gdp,10698556415907.6,NY.GDP.MKTP.PP.KD,"GDP, PPP (constant 2021 international $)",WORLD_BANK_WDI,2026-07-13,
IND,India,2020,gdp,10080423278586.9,NY.GDP.MKTP.PP.KD,"GDP, PPP (constant 2021 international $)",WORLD_BANK_WDI,2026-07-13,
IND,India,2021,gdp,11057175215742.4,NY.GDP.MKTP.PP.KD,"GDP, PPP (constant 2021 international $)",WORLD_BANK_WDI,2026-07-13,
IND,India,2022,gdp,11898556034131.2,NY.GDP.MKTP.PP.KD,"GDP, PPP (constant 2021 international $)",WORLD_BANK_WDI,2026-07-13,
IND,India,2023,gdp,12756468651839.4,NY.GDP.MKTP.PP.KD,"GDP, PPP (constant 2021 international $)",WORLD_BANK_WDI,2026-07-13,
IND,India,2024,gdp,13662085943276.7,NY.GDP.MKTP.PP.KD,"GDP, PPP (constant 2021 international $)",WORLD_BANK_WDI,2026-07-13,
IND,India,2025,gdp,14695849780451.9,NY.GDP.MKTP.PP.KD,"GDP, PPP (constant 2021 international $)",WORLD_BANK_WDI,2026-07-13,
IND,India,1960,gdp_per_capita,,NY.GDP.PCAP.PP.KD,"GDP per capita, PPP (constant 2021 international $)",WORLD_BANK_WDI,2026-07-13,
IND,India,1961,gdp_per_capita,,NY.GDP.PCAP.PP.KD,"GDP per capita, PPP (constant 2021 international $)",WORLD_BANK_WDI,2026-07-13,
IND,India,1962,gdp_per_capita,,NY.GDP.PCAP.PP.KD,"GDP per capita, PPP (constant 2021 international $)",WORLD_BANK_WDI,2026-07-13,
IND,India,1963,gdp_per_capita,,NY.GDP.PCAP.PP.KD,"GDP per capita, PPP (constant 2021 international $)",WORLD_BANK_WDI,2026-07-13,
IND,India,1964,gdp_per_capita,,NY.GDP.PCAP.PP.KD,"GDP per capita, PPP (constant 2021 international $)",WORLD_BANK_WDI,2026-07-13,
IND,India,1965,gdp_per_capita,,NY.GDP.PCAP.PP.KD,"GDP per capita, PPP (constant 2021 international $)",WORLD_BANK_WDI,2026-07-13,
IND,India,1966,gdp_per_capita,,NY.GDP.PCAP.PP.KD,"GDP per capita, PPP (constant 2021 international $)",WORLD_BANK_WDI,2026-07-13,
IND,India,1967,gdp_per_capita,,NY.GDP.PCAP.PP.KD,"GDP per capita, PPP (constant 2021 international $)",WORLD_BANK_WDI,2026-07-13,
IND,India,1968,gdp_per_capita,,NY.GDP.PCAP.PP.KD,"GDP per capita, PPP (constant 2021 international $)",WORLD_BANK_WDI,2026-07-13,
IND,India,1969,gdp_per_capita,,NY.GDP.PCAP.PP.KD,"GDP per capita, PPP (constant 2021 international $)",WORLD_BANK_WDI,2026-07-13,
IND,India,1970,gdp_per_capita,,NY.GDP.PCAP.PP.KD,"GDP per capita, PPP (constant 2021 international $)",WORLD_BANK_WDI,2026-07-13,
IND,India,1971,gdp_per_capita,,NY.GDP.PCAP.PP.KD,"GDP per capita, PPP (constant 2021 international $)",WORLD_BANK_WDI,2026-07-13,
IND,India,1972,gdp_per_capita,,NY.GDP.PCAP.PP.KD,"GDP per capita, PPP (constant 2021 international $)",WORLD_BANK_WDI,2026-07-13,
IND,India,1973,gdp_per_capita,,NY.GDP.PCAP.PP.KD,"GDP per capita, PPP (constant 2021 international $)",WORLD_BANK_WDI,2026-07-13,
IND,India,1974,gdp_per_capita,,NY.GDP.PCAP.PP.KD,"GDP per capita, PPP (constant 2021 international $)",WORLD_BANK_WDI,2026-07-13,
IND,India,1975,gdp_per_capita,,NY.GDP.PCAP.PP.KD,"GDP per capita, PPP (constant 2021 international $)",WORLD_BANK_WDI,2026-07-13,
IND,India,1976,gdp_per_capita,,NY.GDP.PCAP.PP.KD,"GDP per capita, PPP (constant 2021 international $)",WORLD_BANK_WDI,2026-07-13,
IND,India,1977,gdp_per_capita,,NY.GDP.PCAP.PP.KD,"GDP per capita, PPP (constant 2021 international $)",WORLD_BANK_WDI,2026-07-13,
IND,India,1978,gdp_per_capita,,NY.GDP.PCAP.PP.KD,"GDP per capita, PPP (constant 2021 international $)",WORLD_BANK_WDI,2026-07-13,
IND,India,1979,gdp_per_capita,,NY.GDP.PCAP.PP.KD,"GDP per capita, PPP (constant 2021 international $)",WORLD_BANK_WDI,2026-07-13,
IND,India,1980,gdp_per_capita,,NY.GDP.PCAP.PP.KD,"GDP per capita, PPP (constant 2021 international $)",WORLD_BANK_WDI,2026-07-13,
IND,India,1981,gdp_per_capita,,NY.GDP.PCAP.PP.KD,"GDP per capita, PPP (constant 2021 international $)",WORLD_BANK_WDI,2026-07-13,
IND,India,1982,gdp_per_capita,,NY.GDP.PCAP.PP.KD,"GDP per capita, PPP (constant 2021 international $)",WORLD_BANK_WDI,2026-07-13,
IND,India,1983,gdp_per_capita,,NY.GDP.PCAP.PP.KD,"GDP per capita, PPP (constant 2021 international $)",WORLD_BANK_WDI,2026-07-13,
IND,India,1984,gdp_per_capita,,NY.GDP.PCAP.PP.KD,"GDP per capita, PPP (constant 2021 international $)",WORLD_BANK_WDI,2026-07-13,
IND,India,1985,gdp_per_capita,,NY.GDP.PCAP.PP.KD,"GDP per capita, PPP (constant 2021 international $)",WORLD_BANK_WDI,2026-07-13,
IND,India,1986,gdp_per_capita,,NY.GDP.PCAP.PP.KD,"GDP per capita, PPP (constant 2021 international $)",WORLD_BANK_WDI,2026-07-13,
IND,India,1987,gdp_per_capita,,NY.GDP.PCAP.PP.KD,"GDP per capita, PPP (constant 2021 international $)",WORLD_BANK_WDI,2026-07-13,
IND,India,1988,gdp_per_capita,,NY.GDP.PCAP.PP.KD,"GDP per capita, PPP (constant 2021 international $)",WORLD_BANK_WDI,2026-07-13,
IND,India,1989,gdp_per_capita,,NY.GDP.PCAP.PP.KD,"GDP per capita, PPP (constant 2021 international $)",WORLD_BANK_WDI,2026-07-13,
IND,India,1990,gdp_per_capita,2139.82749174123,NY.GDP.PCAP.PP.KD,"GDP per capita, PPP (constant 2021 international $)",WORLD_BANK_WDI,2026-07-13,
IND,India,1991,gdp_per_capita,2116.06939249228,NY.GDP.PCAP.PP.KD,"GDP per capita, PPP (constant 2021 international $)",WORLD_BANK_WDI,2026-07-13,
IND,India,1992,gdp_per_capita,2185.04046180678,NY.GDP.PCAP.PP.KD,"GDP per capita, PPP (constant 2021 international $)",WORLD_BANK_WDI,2026-07-13,
IND,India,1993,gdp_per_capita,2241.28535932488,NY.GDP.PCAP.PP.KD,"GDP per capita, PPP (constant 2021 international $)",WORLD_BANK_WDI,2026-07-13,
IND,India,1994,gdp_per_capita,2342.15609263829,NY.GDP.PCAP.PP.KD,"GDP per capita, PPP (constant 2021 international $)",WORLD_BANK_WDI,2026-07-13,
IND,India,1995,gdp_per_capita,2469.3516292637,NY.GDP.PCAP.PP.KD,"GDP per capita, PPP (constant 2021 international $)",WORLD_BANK_WDI,2026-07-13,
IND,India,1996,gdp_per_capita,2603.24632974171,NY.GDP.PCAP.PP.KD,"GDP per capita, PPP (constant 2021 international $)",WORLD_BANK_WDI,2026-07-13,
IND,India,1997,gdp_per_capita,2655.92939429507,NY.GDP.PCAP.PP.KD,"GDP per capita, PPP (constant 2021 international $)",WORLD_BANK_WDI,2026-07-13,
IND,India,1998,gdp_per_capita,2766.110488608,NY.GDP.PCAP.PP.KD,"GDP per capita, PPP (constant 2021 international $)",WORLD_BANK_WDI,2026-07-13,
IND,India,1999,gdp_per_capita,2954.0688560393,NY.GDP.PCAP.PP.KD,"GDP per capita, PPP (constant 2021 international $)",WORLD_BANK_WDI,2026-07-13,
IND,India,2000,gdp_per_capita,3010.42156148397,NY.GDP.PCAP.PP.KD,"GDP per capita, PPP (constant 2021 international $)",WORLD_BANK_WDI,2026-07-13,
IND,India,2001,gdp_per_capita,3097.16224022342,NY.GDP.PCAP.PP.KD,"GDP per capita, PPP (constant 2021 international $)",WORLD_BANK_WDI,2026-07-13,
IND,India,2002,gdp_per_capita,3157.26903770593,NY.GDP.PCAP.PP.KD,"GDP per capita, PPP (constant 2021 international $)",WORLD_BANK_WDI,2026-07-13,
IND,India,2003,gdp_per_capita,3346.8882902915,NY.GDP.PCAP.PP.KD,"GDP per capita, PPP (constant 2021 international $)",WORLD_BANK_WDI,2026-07-13,
IND,India,2004,gdp_per_capita,3551.04731213773,NY.GDP.PCAP.PP.KD,"GDP per capita, PPP (constant 2021 international $)",WORLD_BANK_WDI,2026-07-13,
IND,India,2005,gdp_per_capita,3770.39653173829,NY.GDP.PCAP.PP.KD,"GDP per capita, PPP (constant 2021 international $)",WORLD_BANK_WDI,2026-07-13,
IND,India,2006,gdp_per_capita,4011.08647585805,NY.GDP.PCAP.PP.KD,"GDP per capita, PPP (constant 2021 international $)",WORLD_BANK_WDI,2026-07-13,
IND,India,2007,gdp_per_capita,4253.82139046739,NY.GDP.PCAP.PP.KD,"GDP per capita, PPP (constant 2021 international $)",WORLD_BANK_WDI,2026-07-13,
IND,India,2008,gdp_per_capita,4322.48378983546,NY.GDP.PCAP.PP.KD,"GDP per capita, PPP (constant 2021 international $)",WORLD_BANK_WDI,2026-07-13,
IND,India,2009,gdp_per_capita,4595.37990753812,NY.GDP.PCAP.PP.KD,"GDP per capita, PPP (constant 2021 international $)",WORLD_BANK_WDI,2026-07-13,
IND,India,2010,gdp_per_capita,4913.87639723705,NY.GDP.PCAP.PP.KD,"GDP per capita, PPP (constant 2021 international $)",WORLD_BANK_WDI,2026-07-13,
IND,India,2011,gdp_per_capita,5098.67458775444,NY.GDP.PCAP.PP.KD,"GDP per capita, PPP (constant 2021 international $)",WORLD_BANK_WDI,2026-07-13,
IND,India,2012,gdp_per_capita,5303.50197767655,NY.GDP.PCAP.PP.KD,"GDP per capita, PPP (constant 2021 international $)",WORLD_BANK_WDI,2026-07-13,
IND,India,2013,gdp_per_capita,5567.49439418718,NY.GDP.PCAP.PP.KD,"GDP per capita, PPP (constant 2021 international $)",WORLD_BANK_WDI,2026-07-13,
IND,India,2014,gdp_per_capita,5905.10618204633,NY.GDP.PCAP.PP.KD,"GDP per capita, PPP (constant 2021 international $)",WORLD_BANK_WDI,2026-07-13,
IND,India,2015,gdp_per_capita,6301.67346968236,NY.GDP.PCAP.PP.KD,"GDP per capita, PPP (constant 2021 international $)",WORLD_BANK_WDI,2026-07-13,
IND,India,2016,gdp_per_capita,6741.14883185347,NY.GDP.PCAP.PP.KD,"GDP per capita, PPP (constant 2021 international $)",WORLD_BANK_WDI,2026-07-13,
IND,India,2017,gdp_per_capita,7116.03659185396,NY.GDP.PCAP.PP.KD,"GDP per capita, PPP (constant 2021 international $)",WORLD_BANK_WDI,2026-07-13,
IND,India,2018,gdp_per_capita,7492.62576755145,NY.GDP.PCAP.PP.KD,"GDP per capita, PPP (constant 2021 international $)",WORLD_BANK_WDI,2026-07-13,
IND,India,2019,gdp_per_capita,7702.17634811957,NY.GDP.PCAP.PP.KD,"GDP per capita, PPP (constant 2021 international $)",WORLD_BANK_WDI,2026-07-13,
IND,India,2020,gdp_per_capita,7186.86447099679,NY.GDP.PCAP.PP.KD,"GDP per capita, PPP (constant 2021 international $)",WORLD_BANK_WDI,2026-07-13,
IND,India,2021,gdp_per_capita,7818.65701757504,NY.GDP.PCAP.PP.KD,"GDP per capita, PPP (constant 2021 international $)",WORLD_BANK_WDI,2026-07-13,
IND,India,2022,gdp_per_capita,8347.38478647086,NY.GDP.PCAP.PP.KD,"GDP per capita, PPP (constant 2021 international $)",WORLD_BANK_WDI,2026-07-13,
IND,India,2023,gdp_per_capita,8870.55027609345,NY.GDP.PCAP.PP.KD,"GDP per capita, PPP (constant 2021 international $)",WORLD_BANK_WDI,2026-07-13,
IND,India,2024,gdp_per_capita,9416.05137044735,NY.GDP.PCAP.PP.KD,"GDP per capita, PPP (constant 2021 international $)",WORLD_BANK_WDI,2026-07-13,
IND,India,2025,gdp_per_capita,10039.0708910587,NY.GDP.PCAP.PP.KD,"GDP per capita, PPP (constant 2021 international $)",WORLD_BANK_WDI,2026-07-13,
IND,India,1960,population,435990338.0,SP.POP.TOTL,"Population, total",WORLD_BANK_WDI,2026-07-13,
IND,India,1961,population,446564729.0,SP.POP.TOTL,"Population, total",WORLD_BANK_WDI,2026-07-13,
IND,India,1962,population,457283090.0,SP.POP.TOTL,"Population, total",WORLD_BANK_WDI,2026-07-13,
IND,India,1963,population,468138575.0,SP.POP.TOTL,"Population, total",WORLD_BANK_WDI,2026-07-13,
IND,India,1964,population,479229598.0,SP.POP.TOTL,"Population, total",WORLD_BANK_WDI,2026-07-13,
IND,India,1965,population,490140146.0,SP.POP.TOTL,"Population, total",WORLD_BANK_WDI,2026-07-13,
IND,India,1966,population,500740247.0,SP.POP.TOTL,"Population, total",WORLD_BANK_WDI,2026-07-13,
IND,India,1967,population,511606372.0,SP.POP.TOTL,"Population, total",WORLD_BANK_WDI,2026-07-13,
IND,India,1968,population,522716889.0,SP.POP.TOTL,"Population, total",WORLD_BANK_WDI,2026-07-13,
IND,India,1969,population,533880544.0,SP.POP.TOTL,"Population, total",WORLD_BANK_WDI,2026-07-13,
IND,India,1970,population,545864268.0,SP.POP.TOTL,"Population, total",WORLD_BANK_WDI,2026-07-13,
IND,India,1971,population,558096387.0,SP.POP.TOTL,"Population, total",WORLD_BANK_WDI,2026-07-13,
IND,India,1972,population,570482142.0,SP.POP.TOTL,"Population, total",WORLD_BANK_WDI,2026-07-13,
IND,India,1973,population,583465598.0,SP.POP.TOTL,"Population, total",WORLD_BANK_WDI,2026-07-13,
IND,India,1974,population,597041391.0,SP.POP.TOTL,"Population, total",WORLD_BANK_WDI,2026-07-13,
IND,India,1975,population,611309535.0,SP.POP.TOTL,"Population, total",WORLD_BANK_WDI,2026-07-13,
IND,India,1976,population,625861883.0,SP.POP.TOTL,"Population, total",WORLD_BANK_WDI,2026-07-13,
IND,India,1977,population,640801103.0,SP.POP.TOTL,"Population, total",WORLD_BANK_WDI,2026-07-13,
IND,India,1978,population,655728229.0,SP.POP.TOTL,"Population, total",WORLD_BANK_WDI,2026-07-13,
IND,India,1979,population,671155747.0,SP.POP.TOTL,"Population, total",WORLD_BANK_WDI,2026-07-13,
IND,India,1980,population,687354025.0,SP.POP.TOTL,"Population, total",WORLD_BANK_WDI,2026-07-13,
IND,India,1981,population,703696250.0,SP.POP.TOTL,"Population, total",WORLD_BANK_WDI,2026-07-13,
IND,India,1982,population,720313473.0,SP.POP.TOTL,"Population, total",WORLD_BANK_WDI,2026-07-13,
IND,India,1983,population,737372681.0,SP.POP.TOTL,"Population, total",WORLD_BANK_WDI,2026-07-13,
IND,India,1984,population,754875449.0,SP.POP.TOTL,"Population, total",WORLD_BANK_WDI,2026-07-13,
IND,India,1985,population,772647793.0,SP.POP.TOTL,"Population, total",WORLD_BANK_WDI,2026-07-13,
IND,India,1986,population,790689978.0,SP.POP.TOTL,"Population, total",WORLD_BANK_WDI,2026-07-13,
IND,India,1987,population,808931270.0,SP.POP.TOTL,"Population, total",WORLD_BANK_WDI,2026-07-13,
IND,India,1988,population,827342990.0,SP.POP.TOTL,"Population, total",WORLD_BANK_WDI,2026-07-13,
IND,India,1989,population,846039529.0,SP.POP.TOTL,"Population, total",WORLD_BANK_WDI,2026-07-13,
IND,India,1990,population,864972221.0,SP.POP.TOTL,"Population, total",WORLD_BANK_WDI,2026-07-13,
IND,India,1991,population,883927600.0,SP.POP.TOTL,"Population, total",WORLD_BANK_WDI,2026-07-13,
IND,India,1992,population,902957070.0,SP.POP.TOTL,"Population, total",WORLD_BANK_WDI,2026-07-13,
IND,India,1993,population,922118387.0,SP.POP.TOTL,"Population, total",WORLD_BANK_WDI,2026-07-13,
IND,India,1994,population,941163767.0,SP.POP.TOTL,"Population, total",WORLD_BANK_WDI,2026-07-13,
IND,India,1995,population,960301044.0,SP.POP.TOTL,"Population, total",WORLD_BANK_WDI,2026-07-13,
IND,India,1996,population,979678458.0,SP.POP.TOTL,"Population, total",WORLD_BANK_WDI,2026-07-13,
IND,India,1997,population,999133762.0,SP.POP.TOTL,"Population, total",WORLD_BANK_WDI,2026-07-13,
IND,India,1998,population,1018665080.0,SP.POP.TOTL,"Population, total",WORLD_BANK_WDI,2026-07-13,
IND,India,1999,population,1038225823.0,SP.POP.TOTL,"Population, total",WORLD_BANK_WDI,2026-07-13,
IND,India,2000,population,1057922733.0,SP.POP.TOTL,"Population, total",WORLD_BANK_WDI,2026-07-13,
IND,India,2001,population,1077898575.0,SP.POP.TOTL,"Population, total",WORLD_BANK_WDI,2026-07-13,
IND,India,2002,population,1097600380.0,SP.POP.TOTL,"Population, total",WORLD_BANK_WDI,2026-07-13,
IND,India,2003,population,1116803006.0,SP.POP.TOTL,"Population, total",WORLD_BANK_WDI,2026-07-13,
IND,India,2004,population,1135991513.0,SP.POP.TOTL,"Population, total",WORLD_BANK_WDI,2026-07-13,
IND,India,2005,population,1154676322.0,SP.POP.TOTL,"Population, total",WORLD_BANK_WDI,2026-07-13,
IND,India,2006,population,1172878890.0,SP.POP.TOTL,"Population, total",WORLD_BANK_WDI,2026-07-13,
IND,India,2007,population,1190676021.0,SP.POP.TOTL,"Population, total",WORLD_BANK_WDI,2026-07-13,
IND,India,2008,population,1207930964.0,SP.POP.TOTL,"Population, total",WORLD_BANK_WDI,2026-07-13,
IND,India,2009,population,1225524753.0,SP.POP.TOTL,"Population, total",WORLD_BANK_WDI,2026-07-13,
IND,India,2010,population,1243481564.0,SP.POP.TOTL,"Population, total",WORLD_BANK_WDI,2026-07-13,
IND,India,2011,population,1261224954.0,SP.POP.TOTL,"Population, total",WORLD_BANK_WDI,2026-07-13,
IND,India,2012,population,1278674502.0,SP.POP.TOTL,"Population, total",WORLD_BANK_WDI,2026-07-13,
IND,India,2013,population,1295829511.0,SP.POP.TOTL,"Population, total",WORLD_BANK_WDI,2026-07-13,
IND,India,2014,population,1312277191.0,SP.POP.TOTL,"Population, total",WORLD_BANK_WDI,2026-07-13,
IND,India,2015,population,1328024498.0,SP.POP.TOTL,"Population, total",WORLD_BANK_WDI,2026-07-13,
IND,India,2016,population,1343944296.0,SP.POP.TOTL,"Population, total",WORLD_BANK_WDI,2026-07-13,
IND,India,2017,population,1359657400.0,SP.POP.TOTL,"Population, total",WORLD_BANK_WDI,2026-07-13,
IND,India,2018,population,1374659064.0,SP.POP.TOTL,"Population, total",WORLD_BANK_WDI,2026-07-13,
IND,India,2019,population,1389030312.0,SP.POP.TOTL,"Population, total",WORLD_BANK_WDI,2026-07-13,
IND,India,2020,population,1402617695.0,SP.POP.TOTL,"Population, total",WORLD_BANK_WDI,2026-07-13,
IND,India,2021,population,1414203896.0,SP.POP.TOTL,"Population, total",WORLD_BANK_WDI,2026-07-13,
IND,India,2022,population,1425423212.0,SP.POP.TOTL,"Population, total",WORLD_BANK_WDI,2026-07-13,
IND,India,2023,population,1438069596.0,SP.POP.TOTL,"Population, total",WORLD_BANK_WDI,2026-07-13,
IND,India,2024,population,1450935791.0,SP.POP.TOTL,"Population, total",WORLD_BANK_WDI,2026-07-13,
IND,India,2025,population,1463865525.0,SP.POP.TOTL,"Population, total",WORLD_BANK_WDI,2026-07-13,
USA,United States,1960,gdp,,NY.GDP.MKTP.PP.KD,"GDP, PPP (constant 2021 international $)",WORLD_BANK_WDI,2026-07-13,
USA,United States,1961,gdp,,NY.GDP.MKTP.PP.KD,"GDP, PPP (constant 2021 international $)",WORLD_BANK_WDI,2026-07-13,
USA,United States,1962,gdp,,NY.GDP.MKTP.PP.KD,"GDP, PPP (constant 2021 international $)",WORLD_BANK_WDI,2026-07-13,
USA,United States,1963,gdp,,NY.GDP.MKTP.PP.KD,"GDP, PPP (constant 2021 international $)",WORLD_BANK_WDI,2026-07-13,
USA,United States,1964,gdp,,NY.GDP.MKTP.PP.KD,"GDP, PPP (constant 2021 international $)",WORLD_BANK_WDI,2026-07-13,
USA,United States,1965,gdp,,NY.GDP.MKTP.PP.KD,"GDP, PPP (constant 2021 international $)",WORLD_BANK_WDI,2026-07-13,
USA,United States,1966,gdp,,NY.GDP.MKTP.PP.KD,"GDP, PPP (constant 2021 international $)",WORLD_BANK_WDI,2026-07-13,
USA,United States,1967,gdp,,NY.GDP.MKTP.PP.KD,"GDP, PPP (constant 2021 international $)",WORLD_BANK_WDI,2026-07-13,
USA,United States,1968,gdp,,NY.GDP.MKTP.PP.KD,"GDP, PPP (constant 2021 international $)",WORLD_BANK_WDI,2026-07-13,
USA,United States,1969,gdp,,NY.GDP.MKTP.PP.KD,"GDP, PPP (constant 2021 international $)",WORLD_BANK_WDI,2026-07-13,
USA,United States,1970,gdp,,NY.GDP.MKTP.PP.KD,"GDP, PPP (constant 2021 international $)",WORLD_BANK_WDI,2026-07-13,
USA,United States,1971,gdp,,NY.GDP.MKTP.PP.KD,"GDP, PPP (constant 2021 international $)",WORLD_BANK_WDI,2026-07-13,
USA,United States,1972,gdp,,NY.GDP.MKTP.PP.KD,"GDP, PPP (constant 2021 international $)",WORLD_BANK_WDI,2026-07-13,
USA,United States,1973,gdp,,NY.GDP.MKTP.PP.KD,"GDP, PPP (constant 2021 international $)",WORLD_BANK_WDI,2026-07-13,
USA,United States,1974,gdp,,NY.GDP.MKTP.PP.KD,"GDP, PPP (constant 2021 international $)",WORLD_BANK_WDI,2026-07-13,
USA,United States,1975,gdp,,NY.GDP.MKTP.PP.KD,"GDP, PPP (constant 2021 international $)",WORLD_BANK_WDI,2026-07-13,
USA,United States,1976,gdp,,NY.GDP.MKTP.PP.KD,"GDP, PPP (constant 2021 international $)",WORLD_BANK_WDI,2026-07-13,
USA,United States,1977,gdp,,NY.GDP.MKTP.PP.KD,"GDP, PPP (constant 2021 international $)",WORLD_BANK_WDI,2026-07-13,
USA,United States,1978,gdp,,NY.GDP.MKTP.PP.KD,"GDP, PPP (constant 2021 international $)",WORLD_BANK_WDI,2026-07-13,
USA,United States,1979,gdp,,NY.GDP.MKTP.PP.KD,"GDP, PPP (constant 2021 international $)",WORLD_BANK_WDI,2026-07-13,
USA,United States,1980,gdp,,NY.GDP.MKTP.PP.KD,"GDP, PPP (constant 2021 international $)",WORLD_BANK_WDI,2026-07-13,
USA,United States,1981,gdp,,NY.GDP.MKTP.PP.KD,"GDP, PPP (constant 2021 international $)",WORLD_BANK_WDI,2026-07-13,
USA,United States,1982,gdp,,NY.GDP.MKTP.PP.KD,"GDP, PPP (constant 2021 international $)",WORLD_BANK_WDI,2026-07-13,
USA,United States,1983,gdp,,NY.GDP.MKTP.PP.KD,"GDP, PPP (constant 2021 international $)",WORLD_BANK_WDI,2026-07-13,
USA,United States,1984,gdp,,NY.GDP.MKTP.PP.KD,"GDP, PPP (constant 2021 international $)",WORLD_BANK_WDI,2026-07-13,
USA,United States,1985,gdp,,NY.GDP.MKTP.PP.KD,"GDP, PPP (constant 2021 international $)",WORLD_BANK_WDI,2026-07-13,
USA,United States,1986,gdp,,NY.GDP.MKTP.PP.KD,"GDP, PPP (constant 2021 international $)",WORLD_BANK_WDI,2026-07-13,
USA,United States,1987,gdp,,NY.GDP.MKTP.PP.KD,"GDP, PPP (constant 2021 international $)",WORLD_BANK_WDI,2026-07-13,
USA,United States,1988,gdp,,NY.GDP.MKTP.PP.KD,"GDP, PPP (constant 2021 international $)",WORLD_BANK_WDI,2026-07-13,
USA,United States,1989,gdp,,NY.GDP.MKTP.PP.KD,"GDP, PPP (constant 2021 international $)",WORLD_BANK_WDI,2026-07-13,
USA,United States,1990,gdp,11079319700573.0,NY.GDP.MKTP.PP.KD,"GDP, PPP (constant 2021 international $)",WORLD_BANK_WDI,2026-07-13,
USA,United States,1991,gdp,11067319371015.3,NY.GDP.MKTP.PP.KD,"GDP, PPP (constant 2021 international $)",WORLD_BANK_WDI,2026-07-13,
USA,United States,1992,gdp,11457165382935.6,NY.GDP.MKTP.PP.KD,"GDP, PPP (constant 2021 international $)",WORLD_BANK_WDI,2026-07-13,
USA,United States,1993,gdp,11772443185976.9,NY.GDP.MKTP.PP.KD,"GDP, PPP (constant 2021 international $)",WORLD_BANK_WDI,2026-07-13,
USA,United States,1994,gdp,12246757597389.7,NY.GDP.MKTP.PP.KD,"GDP, PPP (constant 2021 international $)",WORLD_BANK_WDI,2026-07-13,
USA,United States,1995,gdp,12575513322951.0,NY.GDP.MKTP.PP.KD,"GDP, PPP (constant 2021 international $)",WORLD_BANK_WDI,2026-07-13,
USA,United States,1996,gdp,13049958855286.1,NY.GDP.MKTP.PP.KD,"GDP, PPP (constant 2021 international $)",WORLD_BANK_WDI,2026-07-13,
USA,United States,1997,gdp,13630307220970.8,NY.GDP.MKTP.PP.KD,"GDP, PPP (constant 2021 international $)",WORLD_BANK_WDI,2026-07-13,
USA,United States,1998,gdp,14241372070381.9,NY.GDP.MKTP.PP.KD,"GDP, PPP (constant 2021 international $)",WORLD_BANK_WDI,2026-07-13,
USA,United States,1999,gdp,14923309497831.2,NY.GDP.MKTP.PP.KD,"GDP, PPP (constant 2021 international $)",WORLD_BANK_WDI,2026-07-13,
USA,United States,2000,gdp,15531820240832.3,NY.GDP.MKTP.PP.KD,"GDP, PPP (constant 2021 international $)",WORLD_BANK_WDI,2026-07-13,
USA,United States,2001,gdp,15680232737760.5,NY.GDP.MKTP.PP.KD,"GDP, PPP (constant 2021 international $)",WORLD_BANK_WDI,2026-07-13,
USA,United States,2002,gdp,15946866836810.3,NY.GDP.MKTP.PP.KD,"GDP, PPP (constant 2021 international $)",WORLD_BANK_WDI,2026-07-13,
USA,United States,2003,gdp,16392678397137.2,NY.GDP.MKTP.PP.KD,"GDP, PPP (constant 2021 international $)",WORLD_BANK_WDI,2026-07-13,
USA,United States,2004,gdp,17023431236172.9,NY.GDP.MKTP.PP.KD,"GDP, PPP (constant 2021 international $)",WORLD_BANK_WDI,2026-07-13,
USA,United States,2005,gdp,17616450964293.4,NY.GDP.MKTP.PP.KD,"GDP, PPP (constant 2021 international $)",WORLD_BANK_WDI,2026-07-13,
USA,United States,2006,gdp,18106988023981.4,NY.GDP.MKTP.PP.KD,"GDP, PPP (constant 2021 international $)",WORLD_BANK_WDI,2026-07-13,
USA,United States,2007,gdp,18469826407095.1,NY.GDP.MKTP.PP.KD,"GDP, PPP (constant 2021 international $)",WORLD_BANK_WDI,2026-07-13,
USA,United States,2008,gdp,18490805774529.2,NY.GDP.MKTP.PP.KD,"GDP, PPP (constant 2021 international $)",WORLD_BANK_WDI,2026-07-13,
USA,United States,2009,gdp,18014390119987.1,NY.GDP.MKTP.PP.KD,"GDP, PPP (constant 2021 international $)",WORLD_BANK_WDI,2026-07-13,
USA,United States,2010,gdp,18499912627046.6,NY.GDP.MKTP.PP.KD,"GDP, PPP (constant 2021 international $)",WORLD_BANK_WDI,2026-07-13,
USA,United States,2011,gdp,18789326527808.2,NY.GDP.MKTP.PP.KD,"GDP, PPP (constant 2021 international $)",WORLD_BANK_WDI,2026-07-13,
USA,United States,2012,gdp,19219435517265.4,NY.GDP.MKTP.PP.KD,"GDP, PPP (constant 2021 international $)",WORLD_BANK_WDI,2026-07-13,
USA,United States,2013,gdp,19626470506630.5,NY.GDP.MKTP.PP.KD,"GDP, PPP (constant 2021 international $)",WORLD_BANK_WDI,2026-07-13,
USA,United States,2014,gdp,20121807258768.0,NY.GDP.MKTP.PP.KD,"GDP, PPP (constant 2021 international $)",WORLD_BANK_WDI,2026-07-13,
USA,United States,2015,gdp,20714505243484.2,NY.GDP.MKTP.PP.KD,"GDP, PPP (constant 2021 international $)",WORLD_BANK_WDI,2026-07-13,
USA,United States,2016,gdp,21091395615523.2,NY.GDP.MKTP.PP.KD,"GDP, PPP (constant 2021 international $)",WORLD_BANK_WDI,2026-07-13,
USA,United States,2017,gdp,21609742457818.2,NY.GDP.MKTP.PP.KD,"GDP, PPP (constant 2021 international $)",WORLD_BANK_WDI,2026-07-13,
USA,United States,2018,gdp,22250796562799.2,NY.GDP.MKTP.PP.KD,"GDP, PPP (constant 2021 international $)",WORLD_BANK_WDI,2026-07-13,
USA,United States,2019,gdp,22825718280631.8,NY.GDP.MKTP.PP.KD,"GDP, PPP (constant 2021 international $)",WORLD_BANK_WDI,2026-07-13,
USA,United States,2020,gdp,22350629263579.3,NY.GDP.MKTP.PP.KD,"GDP, PPP (constant 2021 international $)",WORLD_BANK_WDI,2026-07-13,
USA,United States,2021,gdp,23725645000000.1,NY.GDP.MKTP.PP.KD,"GDP, PPP (constant 2021 international $)",WORLD_BANK_WDI,2026-07-13,
USA,United States,2022,gdp,24324531017265.7,NY.GDP.MKTP.PP.KD,"GDP, PPP (constant 2021 international $)",WORLD_BANK_WDI,2026-07-13,
USA,United States,2023,gdp,25038301109944.5,NY.GDP.MKTP.PP.KD,"GDP, PPP (constant 2021 international $)",WORLD_BANK_WDI,2026-07-13,
USA,United States,2024,gdp,25737667720036.7,NY.GDP.MKTP.PP.KD,"GDP, PPP (constant 2021 international $)",WORLD_BANK_WDI,2026-07-13,
USA,United States,2025,gdp,26293957026094.2,NY.GDP.MKTP.PP.KD,"GDP, PPP (constant 2021 international $)",WORLD_BANK_WDI,2026-07-13,
USA,United States,1960,gdp_per_capita,,NY.GDP.PCAP.PP.KD,"GDP per capita, PPP (constant 2021 international $)",WORLD_BANK_WDI,2026-07-13,
USA,United States,1961,gdp_per_capita,,NY.GDP.PCAP.PP.KD,"GDP per capita, PPP (constant 2021 international $)",WORLD_BANK_WDI,2026-07-13,
USA,United States,1962,gdp_per_capita,,NY.GDP.PCAP.PP.KD,"GDP per capita, PPP (constant 2021 international $)",WORLD_BANK_WDI,2026-07-13,
USA,United States,1963,gdp_per_capita,,NY.GDP.PCAP.PP.KD,"GDP per capita, PPP (constant 2021 international $)",WORLD_BANK_WDI,2026-07-13,
USA,United States,1964,gdp_per_capita,,NY.GDP.PCAP.PP.KD,"GDP per capita, PPP (constant 2021 international $)",WORLD_BANK_WDI,2026-07-13,
USA,United States,1965,gdp_per_capita,,NY.GDP.PCAP.PP.KD,"GDP per capita, PPP (constant 2021 international $)",WORLD_BANK_WDI,2026-07-13,
USA,United States,1966,gdp_per_capita,,NY.GDP.PCAP.PP.KD,"GDP per capita, PPP (constant 2021 international $)",WORLD_BANK_WDI,2026-07-13,
USA,United States,1967,gdp_per_capita,,NY.GDP.PCAP.PP.KD,"GDP per capita, PPP (constant 2021 international $)",WORLD_BANK_WDI,2026-07-13,
USA,United States,1968,gdp_per_capita,,NY.GDP.PCAP.PP.KD,"GDP per capita, PPP (constant 2021 international $)",WORLD_BANK_WDI,2026-07-13,
USA,United States,1969,gdp_per_capita,,NY.GDP.PCAP.PP.KD,"GDP per capita, PPP (constant 2021 international $)",WORLD_BANK_WDI,2026-07-13,
USA,United States,1970,gdp_per_capita,,NY.GDP.PCAP.PP.KD,"GDP per capita, PPP (constant 2021 international $)",WORLD_BANK_WDI,2026-07-13,
USA,United States,1971,gdp_per_capita,,NY.GDP.PCAP.PP.KD,"GDP per capita, PPP (constant 2021 international $)",WORLD_BANK_WDI,2026-07-13,
USA,United States,1972,gdp_per_capita,,NY.GDP.PCAP.PP.KD,"GDP per capita, PPP (constant 2021 international $)",WORLD_BANK_WDI,2026-07-13,
USA,United States,1973,gdp_per_capita,,NY.GDP.PCAP.PP.KD,"GDP per capita, PPP (constant 2021 international $)",WORLD_BANK_WDI,2026-07-13,
USA,United States,1974,gdp_per_capita,,NY.GDP.PCAP.PP.KD,"GDP per capita, PPP (constant 2021 international $)",WORLD_BANK_WDI,2026-07-13,
USA,United States,1975,gdp_per_capita,,NY.GDP.PCAP.PP.KD,"GDP per capita, PPP (constant 2021 international $)",WORLD_BANK_WDI,2026-07-13,
USA,United States,1976,gdp_per_capita,,NY.GDP.PCAP.PP.KD,"GDP per capita, PPP (constant 2021 international $)",WORLD_BANK_WDI,2026-07-13,
USA,United States,1977,gdp_per_capita,,NY.GDP.PCAP.PP.KD,"GDP per capita, PPP (constant 2021 international $)",WORLD_BANK_WDI,2026-07-13,
USA,United States,1978,gdp_per_capita,,NY.GDP.PCAP.PP.KD,"GDP per capita, PPP (constant 2021 international $)",WORLD_BANK_WDI,2026-07-13,
USA,United States,1979,gdp_per_capita,,NY.GDP.PCAP.PP.KD,"GDP per capita, PPP (constant 2021 international $)",WORLD_BANK_WDI,2026-07-13,
USA,United States,1980,gdp_per_capita,,NY.GDP.PCAP.PP.KD,"GDP per capita, PPP (constant 2021 international $)",WORLD_BANK_WDI,2026-07-13,
USA,United States,1981,gdp_per_capita,,NY.GDP.PCAP.PP.KD,"GDP per capita, PPP (constant 2021 international $)",WORLD_BANK_WDI,2026-07-13,
USA,United States,1982,gdp_per_capita,,NY.GDP.PCAP.PP.KD,"GDP per capita, PPP (constant 2021 international $)",WORLD_BANK_WDI,2026-07-13,
USA,United States,1983,gdp_per_capita,,NY.GDP.PCAP.PP.KD,"GDP per capita, PPP (constant 2021 international $)",WORLD_BANK_WDI,2026-07-13,
USA,United States,1984,gdp_per_capita,,NY.GDP.PCAP.PP.KD,"GDP per capita, PPP (constant 2021 international $)",WORLD_BANK_WDI,2026-07-13,
USA,United States,1985,gdp_per_capita,,NY.GDP.PCAP.PP.KD,"GDP per capita, PPP (constant 2021 international $)",WORLD_BANK_WDI,2026-07-13,
USA,United States,1986,gdp_per_capita,,NY.GDP.PCAP.PP.KD,"GDP per capita, PPP (constant 2021 international $)",WORLD_BANK_WDI,2026-07-13,
USA,United States,1987,gdp_per_capita,,NY.GDP.PCAP.PP.KD,"GDP per capita, PPP (constant 2021 international $)",WORLD_BANK_WDI,2026-07-13,
USA,United States,1988,gdp_per_capita,,NY.GDP.PCAP.PP.KD,"GDP per capita, PPP (constant 2021 international $)",WORLD_BANK_WDI,2026-07-13,
USA,United States,1989,gdp_per_capita,,NY.GDP.PCAP.PP.KD,"GDP per capita, PPP (constant 2021 international $)",WORLD_BANK_WDI,2026-07-13,
USA,United States,1990,gdp_per_capita,44384.2101912606,NY.GDP.PCAP.PP.KD,"GDP per capita, PPP (constant 2021 international $)",WORLD_BANK_WDI,2026-07-13,
USA,United States,1991,gdp_per_capita,43747.6307351749,NY.GDP.PCAP.PP.KD,"GDP per capita, PPP (constant 2021 international $)",WORLD_BANK_WDI,2026-07-13,
USA,United States,1992,gdp_per_capita,44664.873585596,NY.GDP.PCAP.PP.KD,"GDP per capita, PPP (constant 2021 international $)",WORLD_BANK_WDI,2026-07-13,
USA,United States,1993,gdp_per_capita,45292.7380683092,NY.GDP.PCAP.PP.KD,"GDP per capita, PPP (constant 2021 international $)",WORLD_BANK_WDI,2026-07-13,
USA,United States,1994,gdp_per_capita,46543.3199204553,NY.GDP.PCAP.PP.KD,"GDP per capita, PPP (constant 2021 international $)",WORLD_BANK_WDI,2026-07-13,
USA,United States,1995,gdp_per_capita,47227.0083257008,NY.GDP.PCAP.PP.KD,"GDP per capita, PPP (constant 2021 international $)",WORLD_BANK_WDI,2026-07-13,
USA,United States,1996,gdp_per_capita,48441.9061125568,NY.GDP.PCAP.PP.KD,"GDP per capita, PPP (constant 2021 international $)",WORLD_BANK_WDI,2026-07-13,
USA,United States,1997,gdp_per_capita,49990.6740739125,NY.GDP.PCAP.PP.KD,"GDP per capita, PPP (constant 2021 international $)",WORLD_BANK_WDI,2026-07-13,
USA,United States,1998,gdp_per_capita,51626.4838297863,NY.GDP.PCAP.PP.KD,"GDP per capita, PPP (constant 2021 international $)",WORLD_BANK_WDI,2026-07-13,
USA,United States,1999,gdp_per_capita,53480.8969962416,NY.GDP.PCAP.PP.KD,"GDP per capita, PPP (constant 2021 international $)",WORLD_BANK_WDI,2026-07-13,
USA,United States,2000,gdp_per_capita,55045.6745311559,NY.GDP.PCAP.PP.KD,"GDP per capita, PPP (constant 2021 international $)",WORLD_BANK_WDI,2026-07-13,
USA,United States,2001,gdp_per_capita,55024.3542766281,NY.GDP.PCAP.PP.KD,"GDP per capita, PPP (constant 2021 international $)",WORLD_BANK_WDI,2026-07-13,
USA,United States,2002,gdp_per_capita,55443.2199435683,NY.GDP.PCAP.PP.KD,"GDP per capita, PPP (constant 2021 international $)",WORLD_BANK_WDI,2026-07-13,
USA,United States,2003,gdp_per_capita,56505.4468784112,NY.GDP.PCAP.PP.KD,"GDP per capita, PPP (constant 2021 international $)",WORLD_BANK_WDI,2026-07-13,
USA,United States,2004,gdp_per_capita,58139.0820195229,NY.GDP.PCAP.PP.KD,"GDP per capita, PPP (constant 2021 international $)",WORLD_BANK_WDI,2026-07-13,
USA,United States,2005,gdp_per_capita,59612.3907215559,NY.GDP.PCAP.PP.KD,"GDP per capita, PPP (constant 2021 international $)",WORLD_BANK_WDI,2026-07-13,
USA,United States,2006,gdp_per_capita,60684.3399832539,NY.GDP.PCAP.PP.KD,"GDP per capita, PPP (constant 2021 international $)",WORLD_BANK_WDI,2026-07-13,
USA,United States,2007,gdp_per_capita,61314.4520816367,NY.GDP.PCAP.PP.KD,"GDP per capita, PPP (constant 2021 international $)",WORLD_BANK_WDI,2026-07-13,
USA,United States,2008,gdp_per_capita,60806.2238713713,NY.GDP.PCAP.PP.KD,"GDP per capita, PPP (constant 2021 international $)",WORLD_BANK_WDI,2026-07-13,
USA,United States,2009,gdp_per_capita,58722.496767251,NY.GDP.PCAP.PP.KD,"GDP per capita, PPP (constant 2021 international $)",WORLD_BANK_WDI,2026-07-13,
USA,United States,2010,gdp_per_capita,59797.0736545937,NY.GDP.PCAP.PP.KD,"GDP per capita, PPP (constant 2021 international $)",WORLD_BANK_WDI,2026-07-13,
USA,United States,2011,gdp_per_capita,60253.2035796719,NY.GDP.PCAP.PP.KD,"GDP per capita, PPP (constant 2021 international $)",WORLD_BANK_WDI,2026-07-13,
USA,United States,2012,gdp_per_capita,61142.3637034265,NY.GDP.PCAP.PP.KD,"GDP per capita, PPP (constant 2021 international $)",WORLD_BANK_WDI,2026-07-13,
USA,United States,2013,gdp_per_capita,61966.6621370894,NY.GDP.PCAP.PP.KD,"GDP per capita, PPP (constant 2021 international $)",WORLD_BANK_WDI,2026-07-13,
USA,United States,2014,gdp_per_capita,63026.8779187814,NY.GDP.PCAP.PP.KD,"GDP per capita, PPP (constant 2021 international $)",WORLD_BANK_WDI,2026-07-13,
USA,United States,2015,gdp_per_capita,64367.7188912582,NY.GDP.PCAP.PP.KD,"GDP per capita, PPP (constant 2021 international $)",WORLD_BANK_WDI,2026-07-13,
USA,United States,2016,gdp_per_capita,65025.9855980616,NY.GDP.PCAP.PP.KD,"GDP per capita, PPP (constant 2021 international $)",WORLD_BANK_WDI,2026-07-13,
USA,United States,2017,gdp_per_capita,66164.0320014289,NY.GDP.PCAP.PP.KD,"GDP per capita, PPP (constant 2021 international $)",WORLD_BANK_WDI,2026-07-13,
USA,United States,2018,gdp_per_capita,67728.4424921024,NY.GDP.PCAP.PP.KD,"GDP per capita, PPP (constant 2021 international $)",WORLD_BANK_WDI,2026-07-13,
USA,United States,2019,gdp_per_capita,69121.4580016741,NY.GDP.PCAP.PP.KD,"GDP per capita, PPP (constant 2021 international $)",WORLD_BANK_WDI,2026-07-13,
USA,United States,2020,gdp_per_capita,67406.8311325507,NY.GDP.PCAP.PP.KD,"GDP per capita, PPP (constant 2021 international $)",WORLD_BANK_WDI,2026-07-13,
USA,United States,2021,gdp_per_capita,71441.231980595,NY.GDP.PCAP.PP.KD,"GDP per capita, PPP (constant 2021 international $)",WORLD_BANK_WDI,2026-07-13,
USA,United States,2022,gdp_per_capita,72828.7430907189,NY.GDP.PCAP.PP.KD,"GDP per capita, PPP (constant 2021 international $)",WORLD_BANK_WDI,2026-07-13,
USA,United States,2023,gdp_per_capita,74351.6718197429,NY.GDP.PCAP.PP.KD,"GDP per capita, PPP (constant 2021 international $)",WORLD_BANK_WDI,2026-07-13,
USA,United States,2024,gdp_per_capita,75698.1773354629,NY.GDP.PCAP.PP.KD,"GDP per capita, PPP (constant 2021 international $)",WORLD_BANK_WDI,2026-07-13,
USA,United States,2025,gdp_per_capita,76931.3106990408,NY.GDP.PCAP.PP.KD,"GDP per capita, PPP (constant 2021 international $)",WORLD_BANK_WDI,2026-07-13,
USA,United States,1960,population,180671000.0,SP.POP.TOTL,"Population, total",WORLD_BANK_WDI,2026-07-13,
USA,United States,1961,population,183691000.0,SP.POP.TOTL,"Population, total",WORLD_BANK_WDI,2026-07-13,
USA,United States,1962,population,186538000.0,SP.POP.TOTL,"Population, total",WORLD_BANK_WDI,2026-07-13,
USA,United States,1963,population,189242000.0,SP.POP.TOTL,"Population, total",WORLD_BANK_WDI,2026-07-13,
USA,United States,1964,population,191889000.0,SP.POP.TOTL,"Population, total",WORLD_BANK_WDI,2026-07-13,
USA,United States,1965,population,194303000.0,SP.POP.TOTL,"Population, total",WORLD_BANK_WDI,2026-07-13,
USA,United States,1966,population,196560000.0,SP.POP.TOTL,"Population, total",WORLD_BANK_WDI,2026-07-13,
USA,United States,1967,population,198712000.0,SP.POP.TOTL,"Population, total",WORLD_BANK_WDI,2026-07-13,
USA,United States,1968,population,200706000.0,SP.POP.TOTL,"Population, total",WORLD_BANK_WDI,2026-07-13,
USA,United States,1969,population,202677000.0,SP.POP.TOTL,"Population, total",WORLD_BANK_WDI,2026-07-13,
USA,United States,1970,population,205052000.0,SP.POP.TOTL,"Population, total",WORLD_BANK_WDI,2026-07-13,
USA,United States,1971,population,207661000.0,SP.POP.TOTL,"Population, total",WORLD_BANK_WDI,2026-07-13,
USA,United States,1972,population,209896000.0,SP.POP.TOTL,"Population, total",WORLD_BANK_WDI,2026-07-13,
USA,United States,1973,population,211909000.0,SP.POP.TOTL,"Population, total",WORLD_BANK_WDI,2026-07-13,
USA,United States,1974,population,213854000.0,SP.POP.TOTL,"Population, total",WORLD_BANK_WDI,2026-07-13,
USA,United States,1975,population,215973000.0,SP.POP.TOTL,"Population, total",WORLD_BANK_WDI,2026-07-13,
USA,United States,1976,population,218035000.0,SP.POP.TOTL,"Population, total",WORLD_BANK_WDI,2026-07-13,
USA,United States,1977,population,220239000.0,SP.POP.TOTL,"Population, total",WORLD_BANK_WDI,2026-07-13,
USA,United States,1978,population,222585000.0,SP.POP.TOTL,"Population, total",WORLD_BANK_WDI,2026-07-13,
USA,United States,1979,population,225055000.0,SP.POP.TOTL,"Population, total",WORLD_BANK_WDI,2026-07-13,
USA,United States,1980,population,227225000.0,SP.POP.TOTL,"Population, total",WORLD_BANK_WDI,2026-07-13,
USA,United States,1981,population,229466000.0,SP.POP.TOTL,"Population, total",WORLD_BANK_WDI,2026-07-13,
USA,United States,1982,population,231664000.0,SP.POP.TOTL,"Population, total",WORLD_BANK_WDI,2026-07-13,
USA,United States,1983,population,233792000.0,SP.POP.TOTL,"Population, total",WORLD_BANK_WDI,2026-07-13,
USA,United States,1984,population,235825000.0,SP.POP.TOTL,"Population, total",WORLD_BANK_WDI,2026-07-13,
USA,United States,1985,population,237924000.0,SP.POP.TOTL,"Population, total",WORLD_BANK_WDI,2026-07-13,
USA,United States,1986,population,240133000.0,SP.POP.TOTL,"Population, total",WORLD_BANK_WDI,2026-07-13,
USA,United States,1987,population,242289000.0,SP.POP.TOTL,"Population, total",WORLD_BANK_WDI,2026-07-13,
USA,United States,1988,population,244499000.0,SP.POP.TOTL,"Population, total",WORLD_BANK_WDI,2026-07-13,
USA,United States,1989,population,246819000.0,SP.POP.TOTL,"Population, total",WORLD_BANK_WDI,2026-07-13,
USA,United States,1990,population,249623000.0,SP.POP.TOTL,"Population, total",WORLD_BANK_WDI,2026-07-13,
USA,United States,1991,population,252981000.0,SP.POP.TOTL,"Population, total",WORLD_BANK_WDI,2026-07-13,
USA,United States,1992,population,256514000.0,SP.POP.TOTL,"Population, total",WORLD_BANK_WDI,2026-07-13,
USA,United States,1993,population,259919000.0,SP.POP.TOTL,"Population, total",WORLD_BANK_WDI,2026-07-13,
USA,United States,1994,population,263126000.0,SP.POP.TOTL,"Population, total",WORLD_BANK_WDI,2026-07-13,
USA,United States,1995,population,266278000.0,SP.POP.TOTL,"Population, total",WORLD_BANK_WDI,2026-07-13,
USA,United States,1996,population,269394000.0,SP.POP.TOTL,"Population, total",WORLD_BANK_WDI,2026-07-13,
USA,United States,1997,population,272657000.0,SP.POP.TOTL,"Population, total",WORLD_BANK_WDI,2026-07-13,
USA,United States,1998,population,275854000.0,SP.POP.TOTL,"Population, total",WORLD_BANK_WDI,2026-07-13,
USA,United States,1999,population,279040000.0,SP.POP.TOTL,"Population, total",WORLD_BANK_WDI,2026-07-13,
USA,United States,2000,population,282162411.0,SP.POP.TOTL,"Population, total",WORLD_BANK_WDI,2026-07-13,
USA,United States,2001,population,284968955.0,SP.POP.TOTL,"Population, total",WORLD_BANK_WDI,2026-07-13,
USA,United States,2002,population,287625193.0,SP.POP.TOTL,"Population, total",WORLD_BANK_WDI,2026-07-13,
USA,United States,2003,population,290107933.0,SP.POP.TOTL,"Population, total",WORLD_BANK_WDI,2026-07-13,
USA,United States,2004,population,292805298.0,SP.POP.TOTL,"Population, total",WORLD_BANK_WDI,2026-07-13,
USA,United States,2005,population,295516599.0,SP.POP.TOTL,"Population, total",WORLD_BANK_WDI,2026-07-13,
USA,United States,2006,population,298379912.0,SP.POP.TOTL,"Population, total",WORLD_BANK_WDI,2026-07-13,
USA,United States,2007,population,301231207.0,SP.POP.TOTL,"Population, total",WORLD_BANK_WDI,2026-07-13,
USA,United States,2008,population,304093966.0,SP.POP.TOTL,"Population, total",WORLD_BANK_WDI,2026-07-13,
USA,United States,2009,population,306771529.0,SP.POP.TOTL,"Population, total",WORLD_BANK_WDI,2026-07-13,
USA,United States,2010,population,309378227.0,SP.POP.TOTL,"Population, total",WORLD_BANK_WDI,2026-07-13,
USA,United States,2011,population,311839461.0,SP.POP.TOTL,"Population, total",WORLD_BANK_WDI,2026-07-13,
USA,United States,2012,population,314339099.0,SP.POP.TOTL,"Population, total",WORLD_BANK_WDI,2026-07-13,
USA,United States,2013,population,316726282.0,SP.POP.TOTL,"Population, total",WORLD_BANK_WDI,2026-07-13,
USA,United States,2014,population,319257560.0,SP.POP.TOTL,"Population, total",WORLD_BANK_WDI,2026-07-13,
USA,United States,2015,population,321815121.0,SP.POP.TOTL,"Population, total",WORLD_BANK_WDI,2026-07-13,
USA,United States,2016,population,324353340.0,SP.POP.TOTL,"Population, total",WORLD_BANK_WDI,2026-07-13,
USA,United States,2017,population,326608609.0,SP.POP.TOTL,"Population, total",WORLD_BANK_WDI,2026-07-13,
USA,United States,2018,population,328529577.0,SP.POP.TOTL,"Population, total",WORLD_BANK_WDI,2026-07-13,
USA,United States,2019,population,330226227.0,SP.POP.TOTL,"Population, total",WORLD_BANK_WDI,2026-07-13,
USA,United States,2020,population,331578104.0,SP.POP.TOTL,"Population, total",WORLD_BANK_WDI,2026-07-13,
USA,United States,2021,population,332100166.0,SP.POP.TOTL,"Population, total",WORLD_BANK_WDI,2026-07-13,
USA,United States,2022,population,333996304.0,SP.POP.TOTL,"Population, total",WORLD_BANK_WDI,2026-07-13,
USA,United States,2023,population,336755052.0,SP.POP.TOTL,"Population, total",WORLD_BANK_WDI,2026-07-13,
USA,United States,2024,population,340003797.0,SP.POP.TOTL,"Population, total",WORLD_BANK_WDI,2026-07-13,
USA,United States,2025,population,341784857.0,SP.POP.TOTL,"Population, total",WORLD_BANK_WDI,2026-07-13,
