List of sources Maddison original dataset last updated in 2010,,,
,,,
ISO code,Country,Source,
ARG,Argentina,,
,1900-1913,"Unpublished annual estimates supplied by ECLA/CONADE. and quinquennial averages published in El Desarrollo Económico de la Argentina, ECLA, Mexico, 1959, p. 15;",
,1913-1950,"IEERAL, ""Estadísticas de la evolución económica de Argentina, 1913-84"", Estudios, Buenos Aires, July-September, 1986.",
,,,
AUS,Australia,,
,1820-1828,"Butlin, N.G. 'Our 200 Years', Queesland Calendar, 1988",
,1828-1860,"N.G. Butlin, ""Contours of the Australian Economy 1788-1860"", Australian Economic Review, Sept. 1986, pp. 112-13;",
,1861-1938/9,"N.G. Butlin, Australian Domestic Product, Investment and Foreign Borrowing 1861-1938/9, Cambridge, 1962,pp.460-1; amdended as indicated in N.G. Butlin, Investment in Australian Economic Development 1861-19000, Cambridge, 1964, p. 453 and with revised deflator shown in M.W. Butlin, A Preliminary Annual Databae 1900/1901 to 1973/1974, Discussion Paper 7701, Reserve Bank of Australia, 1977, p. 41",
,1938/9-1950,"from expenditure aggregates in 1966/7 prices in M.W. Butlin, RS/FLW/, p.85.",
,,,
AUT,Austria,,
,1830-1913,"Kausel, ""Oster-reichs Volkseinkommen 1830 bis 1913"" in Geschichte und Ergebnisse der zentralen amtlichen Statistik in Österreich 1829-1979, Beitrage zur österreichischen Statistik, Heft 550, Vienna, 1979, pp. 692-3.",
,1913-50,"A. Kausel, N. Nemeth, and H. Seidel, ""Oster-reichs Volkseinkommen, 1913-63"", Monatsberichte des Osterreichischen Institutes für Wirtschaftsforschung, 14th Sonderheft, Vienna, August 1965, p. 38 and 42;",
,,,
BEL,Belgium,,
,1846-1913,"J. Gadisseur, ""Contribution à l'étude de la production agricole en Belgique de 1846 à 1913"", Revue belge d'histoire contemporaine, vol. IV, 1-2, 1973,",
,1913-1950,"C. Carbonnelle, ""Recherches sur levolution de la production en Belgique de 1900à 1957"", Cahiers Economiques de Bruxelles, no. 3, April 1959, p. 358.",
,,,
BGD,Bangladesh,,
,1900-1950,"Maddison, A. Monitoring the World Economy, 1995",
,,,
BRA,Brazil,,
,1900-1950,"A. Maddison and Associates, The Political Economy of Poverty, Equity and Growth: Brazil and Mexico, Oxford University Press, New York 1992;",
,,,
CAN,Canada,,
,1820-1850,"Maddison, A. Monitoring the World Economy, 1995",
,1851-70,"O.J. Firestone, ""Canada's Changing Economy in the Second Half of the 19th Century"", NBER, New York, 1957, processed, amended for 1820–70 to include income
of the indigenous population (taken to be $400 per capita in 1820 and 1870)",
,1870-1926,"M.C. Urquart and Associates, ed., Gross National Product, Canada 1870-1926: The Derivation of the Estimates, McGill Queen's University Press, Montreal, 1993, pp. 11-12 and 24-5,",
,1926-1950,"Statistics Canada, National Income and Expenditure Accounts, vol. 1, The Annual Estimates 1926-1974, Ottawa, 1975, p. 323. 1960 onwards from OECD, National Accounts.",
,,,
COL,Colombia,,
,1929 - 1950,"CEPAL, Series Historicas del Crecimiento de America Latina, Santiago, 1978",
,,,
CSK,Czechoslovakia,,
,1820-1913,"A. Kausel, ""Österreichs Volkseinkommen 1830 bis 1913"", in ""Geschichte und Ergebnisse der zentralen amtlichen Statistik in Österreich 1829-1979"", Beiträge zum Osterreichischen Statistik, 550, Vienna, 1979.",
,1913-37,"F.L. Pryor, Z.P. Pryor, M. Stadnik, and G.J. Staller ""Czechoslovakia Aggregate Production in the Inter-war Period"", Review of Income and Wealth, March 1971, p.36.",
,1937-50,"G. Lazarcik, ""Czechoslovak Gross National Product by Sector of Origin and Final Use, 1937, and 1948-65"""", Occasional Paper 26, Research Project on National Income in East Central Europe, New York, 1969.",
,,,
DEN,Denmark,,
,1820-1947,"S.A. Hansen, Okonomisk vaekst i Danmark, vol. II, Institute of Economic History, Copenhagen, 1974, pp. 229-32",
,1947-50,"Soren Larsen, ""Reviderede tidsserier for produktionsvaerdi og bruttofaktorindkomst for perioden 1947- 65"", CBS, Copenhagen, 1992, mimeographed.",
,,,
DEU,Germany,,
,1850-1950,"Hoffmann, Grumbach and Hesse, op. cit., pp. 454-5.",
,,,
FIN,Finland,,
,1860-1960,"R. Hjerppe, The Finnish Economy 1860-1985: Growth and Structural Change, Bank of Finland, Helsinki, 1989, pp. 198-200.",
,,,
FRA,France,,
,1850-1913,"Toutain, Le Produit interieur de la France de 1789 a 1982, Presses Universitaires
de Grenoble, 1987",
,1920-1950,"Toutain, Le Produit interieur de la France de 1789 a 1982, Presses Universitaires
de Grenoble, 1987",
,,,
GBR,United Kingdom,,
,1870-1950,"C.H. Feinstein, National Income Expenditure and Output of the United Kingdom 1855-1965, Cambridge, 1972",
,,,
GRC,Greece,,
,1913-1929,"C. Clark, Conditions of Economic Progress, 3rd edition, Macmillan, London, 1957; 1929-38 GNP at factor cost from Ekonomikos Tachydromos, 22 May 1954; 1938-50 from OEEC, Europe and the World Economy, Paris 1960, p.116.",
,1929-1950,"Maddison, A. Monitoring the World Economy, 1995",
,,,
HUN,Hungary,,
,1870-1913,"L. Katus, ""Economic Growth in Hungary during the Age of Dualism (1867-1913)"" in E. Pemlenyi, ed., Social Economic Research in the History of East Central Europe, Akademiai Kiado, Budapest, 1970, p.108 and J. Komlos, The Habsburg Monarchy as a Customs Union, Princeton, 1983, pp. 291-3",
,1900-42,"A. Eckstein, ""National Income and Capital Formation in Hungary, 1900-50"", in S. Kuznets, ed., Income and Wealth, series V GNP index, Bowes and Bowes, London, 1955, p. 175",
,1938-50,"from L. Czirjak, ""Hungarian GNP by Sectors of Origin of Product and End Uses, 1938 and 1946-67"", Occasional Paper 43, Research Project on East Central Europe, New York, 1973.",
,,,
IND,India,,
,1870-1900,"A. Heston, ""National Income"", in D. Kumar and M. Desai, Cambridge Economic History of India, vol. 2, Cambridge, 1983, p. 397.",
,1900-46,"A. Maddison, ""Alternative Estimates of the Real Product of India, 1900-46"", Indian Economic and Social History Review, 22, 2, 1985.",
,1946-50,"A. Maddison, Class Structure and Economic Growth: India and Pakistan Since the Moghuls, Allen and Unwin, London, 1971, p. 169.",
,,,
IRL,Ireland,,
,"1820, 1870, 1913","MPD 2013, Bolt and Van Zanden, 2014, The Maddison Project: collaborative research on historical national accounts. The Economic History Review, 67(3), 627–651",
,1913-1926,"P. Deane (1968), and Feinstein, 1972",
,1926-1950,"K.A. Kennedy, Productivity and Industrial Growth: The Irish Experience, Oxford University Press, 1971, p. 3.",
,,,
KOR,Republic of Korea,,
,"1820, 1870","Maddison, A. Monitoring the World Economy, 1995",
,,,
MMR,Myanmar,,
,1901-1938,"""Trends of Economic Growth and Income Distribution in Burma 1870-1940"", Journal of the Burma Research Society, 1964, p. 144",
,1938-1950,"E.E. Hagen, On the Theory of Social Change, Dorsey, Homewood, Illinois, 1962, Table 18-1,",
,,,
NLD,Netherlands,,
,1913-1950,"C.A. van Bochove and T.A. Huitker, ""Main National Accounting Series, 1900-1986"", CBS Occasional Paper, No. 17, The Hague, 1987.",
,,,
NOR,Norway,,
,1930-1950,"Central Bureau of Statistics Norway, 1970 and Maddison, A. Monintoring the World Economy, 1995",
,,,
NZL,New Zealand:,,
,1870-1939,"K. Rankin, ""New Zealand's Gross National Product: 1859-1939, Review of Income and Wealth, March 1992, pp. 60-1., 1870 amended to include indigenous population (taken to be $400 per capita)",GNP in 1910/11 prices
,1939-50,"C. Clark, The Conditions of Economic Progress, third edition, Macmillan, London, 1957, pp. 171-2",
,,,
PER,Peru,,
,1900-1913,"Maddison, A. Monitoring the World Economy, 1995",
,1913-1941,"C.A. Bolona Behr, ""Tariff Policies in Peru, 1880-1980"", Ph.D. thesis, Oxford University, 1981;",
,1942-1950,"""Cuadros del producto interno bruto en dollares de 1950"", CEPAL, Santiago, October 1962, mimeographed;",
,1945-1950,"Series Historicas del Crecimiento de America Latina, CEPAL, Santiago, 1978.",
,,,
PHL,Philippines,,
,1820-1900,"Maddison, A. Monitoring the World Economy, 1995",
,1900-1950,"R.W. Hooley, ""Long Term Growth of the Philippine Economy, 1902-1961"", , The Philippine Economic Journal, First Semester, 1968.",
,,,
POL,Poland,,
,1913-1929,"Maddison, A. Monitoring the World Economy, 1995",
,1929-1938,"K. Laski, Akumulacja i spozycie w procesie uprzemyslowienia Polski Ludowej, Ksiazka i Wiedza, Warsaw, 1956, pp. 86-90",
,1937-1950,"T.P. Alton (1970), p. 46,",
,,,
PRT,Portugal,,
,1850-1913,"Pedro Lains, ""How Far Can We Go? Measuring Portuguese Economic Growth (1850-1913)""",
,1938-1950,"R. Janes Cartado and N.E. Sequeira da Rosa, Series Longas as Contas Nacionais Portuguesas 1958-1985, Banco de Portugal, Lisbon,",
,,,
SUN,Former USSR,,
,1928-40,"R. Moorsteen and R.P. Powell, The Soviet Capital Stock 1928-1962, Irwin, Illinois, 1966, p. 361",
,1945-50,"R. Moorsteen and R.P. Powell, The Soviet Capital Stock 1928-1962, Irwin, Illinois, 1966, p. 362",
,1950-90,CIA,
,,,
THA,Thailand,,
,1820-1900,"Maddison, A. Monitoring the World Economy, 1995",
,1900-50,"Sompop Manarungsan, ""Economic Development of Thailand, 1850-1950"", University of Groningen, Ph. D. thesis, 1989",
,,,
TUR,Turkey,,
,"182, 1870","Maddison, A. Monitoring the World Economy, 1995",
,1923-48,"T. Bulutay, Y.S. Tezel and N. Yielderim, Turkiye Milli Geliri 1923-1948, Ankara, 1974.",
,,,
USA,United States,,
,1820-1950,"GDP movement from Maddison (1995a), amended for 1820–70 to include income of the indigenous population (taken to be $400 per capita in 1820 and 1870).",
,,,
YUG,Former Yugoslavia,,
,1870-1909,"Maddison, A. The World Economy, a Millenial Perspective, OECD, 2001",
,1909-12,"I. Vinski, ""National Product and Fixed Assets in the Territory of Yugoslavia 1900-59"" , in P. Deane, ed., Income and Wealth, Series IX, Bowes and Bowes, London, 1961, p. 221",
,1920-39,"I. Vinski, ""National Product and Fixed Assets in the Territory of Yugoslavia 1900-59"" , in P. Deane, ed., Income and Wealth, Series IX, Bowes and Bowes, London, 1961, p. 222",
,1947-52,"I. Vinski, ""National Product and Fixed Assets in the Territory of Yugoslavia 1900-59"" , in P. Deane, ed., Income and Wealth, Series IX, Bowes and Bowes, London, 1961, p. 223",
